title,url,address,latitude,longitude,price,info,description
1 Bedroom Apartment,https://www.kijiji.ca/v-apartments-condos/st-johns/1-bedroom-apartment/1740111281,"4 Shriners Rd, St. John&apos;s, A1E 0C4",47.549849188677,-52.753261464067,$1500,Bedrooms: 1 *** Bathrooms: 1 *** Size (sq ft): 540 *** Pets Allowed: No *** Lease Length: one-year,One Bedroom fully Furnished Apartment
one bedroom apartment for rent ,https://www.kijiji.ca/v-apartments-condos/st-johns/one-bedroom-apartment-for-rent/1740110671,"31 Goodview St, St. John&apos;s, NL A1C 4G2",47.562671991793,-52.713788986538,$1000,Bedrooms: 1 *** Bathrooms: 1 *** Size (sq ft): 800 *** Pets Allowed: No *** Lease Length: month-to-month,"Furnished one bedroom apartment available for rent, Pou. Located 1 Bay Bulls Road St Johns Call 7097309933 available immediately."
Home Sweet Home 2bedroom now available,https://www.kijiji.ca/v-apartments-condos/st-johns/home-sweet-home-2bedroom-now-available/1740110623,"55 Cookstown Rd, St. John&apos;s, NL A1C 4G7",47.56360799892,-52.717195978722,$1700,Bedrooms: 2 *** Bathrooms: 1 *** Size (sq ft): 850 *** Pets Allowed: No *** Lease Length: one-year,"Awesome apartment in a duplex! Superb location! Renovated! Available furnished or unfurnished In suite laundry Close to MUN, downtown, multiple bus lines, Sobeys, restaurants and coffee shops. Non ..."
&quot; FREE  MONTH  Apartment&quot;,https://www.kijiji.ca/v-apartments-condos/st-johns/free-month-apartment/1740110458,"45a Baird Place, St. John&apos;s, NL",47.565957991204,-52.748490987694,$599,Bedrooms: 1 *** Bathrooms: 1 *** Size (sq ft): 100 *** Pets Allowed: No *** Lease Length: one-year,"&quot; ASK how to LIVE ONE MONTH a year RENT FREE !! &quot; WOW !! Between Health Sciences Hospital &amp; Avalon Mall, IN THE almost EXACT CENTRE of St. John&apos;s, NOT FAR FROM ANYWHERE, 5 minute walk to the bigGEST ..."
4 bedroom house - heat and light included,https://www.kijiji.ca/v-apartments-condos/st-johns/4-bedroom-house-heat-and-light-included/1740110184,"St. John&apos;s, NL A1B 4P3",47.591112166453,-52.738023247913,$2500,Bedrooms: 4 *** Bathrooms: 1 *** Size (sq ft): 2400 *** Pets Allowed: No *** Lease Length: one-year,"Very nice and spacious 4 bedroom house. Has laminate and hardwood flooring throughout and was recently painted. Comes with 5 appliances: fridge, stove, dishwasher, washer and dryer. $2500.00 and that ..."
"8 Moores Hill Carbonear, Newfoundland &amp; Labrador",https://www.kijiji.ca/v-apartments-condos/st-johns/8-moores-hill-carbonear-newfoundland-labrador/1740102131,"Moores Hill, Carbonear, NL, A1Y1A4",47.743450929624,-53.223488603424,$1500,Bedrooms: 3 *** Bathrooms: 1 *** Size (sq ft): 0 *** Pets Allowed: No *** Lease Length: Not Available,"This 3 bedroom, 1 bathroom home is available for rent in a quiet residential area of Carbonear. With off-street parking, a view of Carbonear harbour from the living room, and a short drive to local ..."
"47 Duckworth Street Unit#206 St. John&apos;s, Newfoundland &amp; Labrador",https://www.kijiji.ca/v-apartments-condos/st-johns/47-duckworth-street-unit-206-st-johns-newfoundland-labrador/1740101290,"Duckworth Street Unit#206, St. John&apos;s, NL, A1C0A5",47.571067222194,-52.698758557764,$4400,Bedrooms: 1 *** Bathrooms: 2 *** Size (sq ft): 0 *** Pets Allowed: No *** Lease Length: Not Available,"Experience luxury downtown living at The Narrows, one of St. John&apos;s most prestigious condominium developments, located at 47 Duckworth Street. This beautifully appointed 1,415 sq. ft. executive ..."
Studio Apartment,https://www.kijiji.ca/v-apartments-condos/st-johns/studio-apartment/1740093359,"Oderin Pl, St. John&apos;s, NL A1A 4B2",47.599173429757,-52.709047236243,$1200,Bedrooms: 0 *** Bathrooms: 1 *** Size (sq ft): 800 *** Pets Allowed: No *** Lease Length: one-year,Apartment for rent. (Mostly furnished) Heat/light basic cable and internet included. Located in east end near bus route. Close to all amenities. Off street parking with driveway parking available in ...
"11 L&apos;Anse Aux Meadow Crescent Unit#Apt 4 St. John&apos;s - NL, Newfou",https://www.kijiji.ca/v-apartments-condos/st-johns/11-lanse-aux-meadow-crescent-unit-apt-4-st-johns-nl-newfou/1738656989,"L&apos;Anse Aux Meadow Crescent Unit#Apt 4, St. John&apos;s - NL, NL, A1E0G9",47.54349050929,-52.747534444904,$3250,Bedrooms: 1 *** Bathrooms: 1 *** Size (sq ft): 0 *** Pets Allowed: No *** Lease Length: Not Available,Welcome to this executive one-bedroom apartment located within Winslowe Ridge Retirement Centre on L&apos;Anse aux Meadows Crescent in St. John’s. Please note: this is NOT a retirement-only residence and ...
"3 bedroom plus den, I bath",https://www.kijiji.ca/v-apartments-condos/st-johns/3-bedroom-plus-den-i-bath/1740082935,"16 Aspenwood Pl, Mount Pearl, NL A1N 3K8",47.533766998692,-52.802352007852,$2300,Bedrooms: 3.5 *** Bathrooms: 1 *** Size (sq ft): 1900 *** Pets Allowed: No *** Lease Length: one-year,"Great location, private driveway for 2 vehicles. 3bedroom, 1 bath , plus den downstairs, which can be used as an extra bedroom, large kitchen dining living space .large storage shed in back yard . ..."
"134 Portugal Cove Road Unit#312 St. John&apos;s, Newfoundland &amp; Labra",https://www.kijiji.ca/v-apartments-condos/st-johns/134-portugal-cove-road-unit-312-st-johns-newfoundland-labra/1740054575,"Portugal Cove Road Unit#312, St. John&apos;s, NL, A1B2N2",47.589847882087,-52.717983207068,$2300,Bedrooms: 2 *** Bathrooms: 2 *** Size (sq ft): 0 *** Pets Allowed: No *** Lease Length: Not Available,"Welcome to The Highgate, a sought-after adult-living condominium community ideally located on Portugal Cove Road in St. John&apos;s desirable east end. This bright and spacious two-bedroom unit offers a ..."
"Big, Bright and Beautiful - 5 bedroom Centre City",https://www.kijiji.ca/v-apartments-condos/st-johns/big-bright-and-beautiful-5-bedroom-centre-city/1740043909,"37 Cashin Avenue, St. John&apos;s, NL, A1E 3A9",47.556807006503,-52.733634986325,$2500,Bedrooms: 4 *** Bathrooms: 2 *** Size (sq ft): 2000 *** Pets Allowed: No *** Lease Length: one-year,Freshly painted and updated home located in the center of the city includes the follow features: - 4 very large bedrooms - Spacious livingroom - Den - Open kitchen and eating area - Fridge - Stove - ...
rental place,https://www.kijiji.ca/v-apartments-condos/st-johns/rental-place/1740036539,"Boyle St, St. John&apos;s, NL A1E",47.538979401828,-52.744334430774,$1650,Bedrooms: 2 *** Bathrooms: 1 *** Size (sq ft): 1600 *** Pets Allowed: No *** Lease Length: one-year,2 bedroom apartment for rent available in basement apartment in St. John&apos;s NL near village mall and bus stop outside the house. Fully furnished. For viewings starting by from 8th July contact.
Furnished 1 Bedroom Apt W Sunroom and Utilies Included Downtown,https://www.kijiji.ca/v-apartments-condos/st-johns/furnished-1-bedroom-apt-w-sunroom-and-utilies-included-downtown/1740016368,"Rawlins Cross, St. John&apos;s, NL A1C 3T1",47.569185191565,-52.709119009184,$2200,Bedrooms: 1.5 *** Bathrooms: 1 *** Size (sq ft): 1000 *** Pets Allowed: No *** Lease Length: month-to-month,"This heritage one bedroom suite has a large sunroom and a spectacular view of the narrows. Fully furnished, this beautiful apartment is located in the &quot;Heart&quot; of historic St. John&apos;s and has large ..."
"Two bedrooms available, 700 all included or 580 POU",https://www.kijiji.ca/v-apartments-condos/st-johns/two-bedrooms-available-700-all-included-or-580-pou/1739988964,"St. John&apos;s, NL A1E",47.536188984,-52.753022265,$580,Bedrooms: 2.5 *** Bathrooms: 1 *** Size (sq ft): 450 *** Pets Allowed: No *** Lease Length: one-year,"It is a house, and I am looking for roomates to share the house. Max: one person per room. There are two rooms (decent above-grade in quiet location near park) available. Price: 700 for each of the ..."
"Bright, Spacious 3+1 Bed, 2 bathroom  Home - Mount Pearl",https://www.kijiji.ca/v-apartments-condos/st-johns/bright-spacious-3-1-bed-2-bathroom-home-mount-pearl/1739985659,"24 Whiteley Drive, Mount Pearl, NL, A1N 2M9",47.510119009535,-52.802309008689,$2400,Bedrooms: 4 *** Bathrooms: 2 *** Size (sq ft): 2400 *** Pets Allowed: No *** Lease Length: one-year,"This recently renovated 4-bedroom, 2-bath home offers a perfect family setting in a Mount Pearl Location Features: - 4 bedrooms with plenty of natural light - 2 bathrooms on each floor - Basement rec ..."
5 Room and 2 Bath Downtown Home with UTILITIES INCLUDED!,https://www.kijiji.ca/v-apartments-condos/st-johns/5-room-and-2-bath-downtown-home-with-utilities-included/1734041481,"St. John&apos;s, NL A1C 4N1",47.560974069667,-52.721134383567,$2750,Bedrooms: 5 *** Bathrooms: 2 *** Size (sq ft): 1500 *** Pets Allowed: No *** Lease Length: one-year,"Newly Renovated Downtown Home Available for Lease! Key Features: - Utilities + Internet INCLUDED - Off-street parking - Private, Fully Fenced Backyard - Central location with walking distance to MUN, ..."
room for rent next Avalon mall,https://www.kijiji.ca/v-apartments-condos/st-johns/room-for-rent-next-avalon-mall/1739958722,"315 Freshwater Rd, St. John&apos;s, NL A1B 1B7",47.562763019261,-52.741328986707,$850,Bedrooms: 4 *** Bathrooms: 1 *** Size (sq ft): 1200 *** Pets Allowed: No *** Lease Length: one-year,"This is a rear rental unit. which has 4 bedrooms sharing bathrooms. Currently, 1 male tenants live there. They are all very nice Rent is $850 per room including water, electricity, heating, internet. ..."
Charming Character Home - 4 Bed 2 Bath - in heart of St. John&apos;s!,https://www.kijiji.ca/v-apartments-condos/st-johns/charming-character-home-4-bed-2-bath-in-heart-of-st-johns/1739946891,"104 Freshwater Road, St. John&apos;s, NL, A1B 1V5",47.56377601417,-52.72230198268,$2000,Bedrooms: 4 *** Bathrooms: 1.5 *** Size (sq ft): 0 *** Pets Allowed: No *** Lease Length: one-year,"This well-maintained 4-bedroom, 2-bath home offers the perfect blend of character and comfort in a convenient central location! Features: - 4 bedrooms with plenty of natural light - Bright and ..."
room for rent ,https://www.kijiji.ca/v-apartments-condos/st-johns/room-for-rent/1739937290,"St. John&apos;s, NL, A1E3A7",47.555386986376,-52.732593534855,$750,Bedrooms: 1 *** Bathrooms: 1 *** Size (sq ft): 10 *** Pets Allowed: Yes *** Lease Length: month-to-month,Hello room for rent in a apartment shared with. Couple available immediately for occupancy please pm me first Nd damage deposit please message or text 7096853176
"Luxury Living | 1 Bedroom, 1 Bathroom Suite |",https://www.kijiji.ca/v-apartments-condos/st-johns/luxury-living-1-bedroom-1-bathroom-suite/1739908897,"11 &amp; 15 St. John&apos;s Place, St. John&apos;s, NL, A1A 0L8",47.585652697638,-52.693540739218,$1850,Bedrooms: 1 *** Bathrooms: 1 *** Size (sq ft): 0 *** Pets Allowed: No *** Lease Length: one-year,"Chelsea Place - 11 St. John&apos;s Place Chelsea Place, located in the residential area above Quidi Vidi Lake, is very close to both the Virginia River, and Quidi Vidi trails, and a short walk to ..."
"2 BR main floor for rent in Georgestown, St. John’s",https://www.kijiji.ca/v-apartments-condos/st-johns/2-br-main-floor-for-rent-in-georgestown-st-john-s/1739904506,"St. John&apos;s, NL A1C 3X5",47.568698328719,-52.713180376549,$1500,Bedrooms: 2 *** Bathrooms: 1 *** Size (sq ft): 800 *** Pets Allowed: No *** Lease Length: one-year,"Note- I am not the owner, just sharing listing for visibility. Please search google or Realtor.ca for listing for 102 Barnes Rd, and contact realtor to request showing; this was my daughter’s place ..."
"11 Mary Mannings Place Torbay, Newfoundland &amp; Labrador",https://www.kijiji.ca/v-apartments-condos/st-johns/11-mary-mannings-place-torbay-newfoundland-labrador/1739824821,"Mary Mannings Place, Torbay, NL, A1K0N6",47.669080126877,-52.765322938918,$4000,Bedrooms: 4 *** Bathrooms: 5 *** Size (sq ft): 0 *** Pets Allowed: No *** Lease Length: Not Available,"Convenience. Comfort. Class. Tucked away on a small cul-de-sac, this stunning home backs onto a true greenbelt &amp; the tranquil “Big River,” which opens into “Goose Pond.” Whether you’re casting a line ..."
"115 FOREST Road Unit#3 ST JOHNS, Newfoundland &amp; Labrador",https://www.kijiji.ca/v-apartments-condos/st-johns/115-forest-road-unit-3-st-johns-newfoundland-labrador/1739825285,"FOREST Road Unit#3, ST JOHNS, NL, A1A1E8",47.578002995615,-52.693542499418,$2500,Bedrooms: 2 *** Bathrooms: 2 *** Size (sq ft): 0 *** Pets Allowed: No *** Lease Length: Not Available,"LOCATED ADJACENT TO QUIDI VIDI LAKE ON A QUIET STREET , this townhouse condo has a lot to offer with covered parking plus garage parking ! Inside you will find it nicely updated and freshly painted ..."
"102 Barnes Road Unit#Main St. John&apos;s, Newfoundland &amp; Labrador",https://www.kijiji.ca/v-apartments-condos/st-johns/102-barnes-road-unit-main-st-johns-newfoundland-labrador/1739824328,"Barnes Road Unit#Main, St. John&apos;s, NL, A1C3X6",47.569166709468,-52.713424625207,$1500,Bedrooms: 2 *** Bathrooms: 1 *** Size (sq ft): 0 *** Pets Allowed: No *** Lease Length: Not Available,"Located in the heart of trendy Georgestown, this bright and spacious ground-level apartment offers comfortable living in one of St. John’s most sought-after neighbourhoods. Well maintained and ..."
"6A Edgecombe Drive St. John&apos;s, Newfoundland &amp; Labrador",https://www.kijiji.ca/v-apartments-condos/st-johns/6a-edgecombe-drive-st-johns-newfoundland-labrador/1736764500,"Edgecombe Drive, St. John&apos;s, NL, A1B4N6",47.592130905347,-52.734154313339,$1500,Bedrooms: 2 *** Bathrooms: 1 *** Size (sq ft): 0 *** Pets Allowed: No *** Lease Length: Not Available,"For lease! Welcome to 6A Edgecombe Drive, a centrally located new home on Bus Route in East-End near CNA, Marine Institute and several amenities with access to highway! This 2 bedroom unit is perfect ..."
39 Mullock St - Fully Furnished Downtown Gem,https://www.kijiji.ca/v-apartments-condos/st-johns/39-mullock-st-fully-furnished-downtown-gem/1739796537,"39 Mullock St, St John’s, NL, A1C 2R6",47.569179994785,-52.711171988729,$3000,Bedrooms: 2 *** Bathrooms: 2.5 *** Size (sq ft): 0 *** Pets Allowed: No *** Lease Length: one-year,"39 Mullock Street, St. John&apos;s - Fully Furnished Downtown Gem Experience the perfect blend of historic charm and modern comfort in this beautifully restored and thoughtfully furnished two bedroom, two ..."
"Family-Friendly 4 Bed, 2.5 Bath Home in Southlands - $2400/Month",https://www.kijiji.ca/v-apartments-condos/st-johns/family-friendly-4-bed-2-5-bath-home-in-southlands-2400-month/1739763814,"Bayberry Place, St. John&apos;s, NL",47.491227276968,-52.818623362213,$2400,Bedrooms: 4 *** Bathrooms: 2.5 *** Size (sq ft): 2940 *** Pets Allowed: No *** Lease Length: one-year,"You’ll feel right at home the moment you step into this beautiful upper unit, ideally located in sought-after Southlands. Close to playgrounds, recreational facilities, and just minutes from major ..."
Apartment for rent,https://www.kijiji.ca/v-apartments-condos/st-johns/apartment-for-rent/1739747438,"St. John&apos;s, NL A1C",47.511244685,-52.662499849,$1300,Bedrooms: 1.5 *** Bathrooms: 1 *** Size (sq ft): 900 *** Pets Allowed: No *** Lease Length: one-year,APARTMENT FOR RENT Clean and Quiet 2 bedroom for rent! Perfect for the working professional person/couple or the Mature/Responsible Student. *Second room is usually used as an office! * Quiet and ...
"Immaculate 3-BR, 2-BA Single-Family Mount Pearl Home Convenientl",https://www.kijiji.ca/v-apartments-condos/st-johns/immaculate-3-br-2-ba-single-family-mount-pearl-home-convenientl/1739739167,"Mount Pearl, NL A1N 4Y7",47.524755195493,-52.817187725016,$2300,Bedrooms: 3 *** Bathrooms: 2 *** Size (sq ft): 2200 *** Pets Allowed: No *** Lease Length: one-year,Welcome to 7 Castors Drive! This beautifully maintained single-family home has plenty to offer. The main floor features a large bow window that fills the living room with natural light. A propane ...
"4 Steer Street St. John&apos;s, Newfoundland &amp; Labrador",https://www.kijiji.ca/v-apartments-condos/st-johns/4-steer-street-st-johns-newfoundland-labrador/1738247027,"Steer Street, St. John&apos;s, NL, A1E3W6",47.525047996326,-52.764031497186,$2250,Bedrooms: 3 *** Bathrooms: 2 *** Size (sq ft): 0 *** Pets Allowed: No *** Lease Length: Not Available,"This lovely 3-bedroom, 1.5-bath townhouse in the West End is ready for its next tenants! With a bright main floor, spacious bedrooms, and a private backyard, this home offers comfort and convenience ..."
1 Bedroom Basement Apartment ,https://www.kijiji.ca/v-apartments-condos/st-johns/1-bedroom-basement-apartment/1739723091,"Mt Carson Ave, Mount Pearl, NL, A1N3K3",47.526172994415,-52.805898977819,$1200,Bedrooms: 1 *** Bathrooms: 1 *** Size (sq ft): 700 *** Pets Allowed: No *** Lease Length: one-year,1 bedroom apartment for rent in Mount Carson area of Mount Pearl. Available July 1st. No pets. Wi-Fi is included. Pay your own utilities. Parking included. References and proof of employment needed. ...
Beautiful newly renovated 2 bedroom apartment in West End!,https://www.kijiji.ca/v-apartments-condos/st-johns/beautiful-newly-renovated-2-bedroom-apartment-in-west-end/1738880516,"34a Fitzgibbon Street, St. John&apos;s, NL, A1B 1V5",47.54301001669,-52.73770498705,$1600,Bedrooms: 2 *** Bathrooms: 1 *** Size (sq ft): 1000 *** Pets Allowed: No *** Lease Length: one-year,"This beautifully renovated 1000 square foot 2 bedroom apartment is located in the West End and just minutes from grocery stores, the Village Mall, Avalon Mall, the Health Sciences Centre, MUN and bus ..."
BEAUTIFULLY FURNISHED EXECUTIVE DOWNTOWN CONDO,https://www.kijiji.ca/v-apartments-condos/st-johns/beautifully-furnished-executive-downtown-condo/1739706067,"St. John&apos;s, NL A1A 5C4",47.612636851898,-52.699062904669,$2000,Bedrooms: 2 *** Bathrooms: 1 *** Size (sq ft): 850 *** Pets Allowed: No *** Lease Length: one-year,"Beautifully appointed executive two-bedroom condominium within walking distance of downtown St. John’s, NL, close to the business district, shops, restaurants and pubs; and less than ten minutes by ..."
Clarenville - Unit 13-Two Bedroom - H/L Inc,https://www.kijiji.ca/v-apartments-condos/st-johns/clarenville-unit-13-two-bedroom-h-l-inc/1738234227,"131 Marine Drive, Clarenville, NL, A5A 1M6",48.163917599322,-53.96023657823,$1200,Bedrooms: 2 *** Bathrooms: 1 *** Size (sq ft): 0 *** Pets Allowed: No *** Lease Length: one-year,"131 Marine Drive, Unit 13 - Large two bedroom suite in Clarenville with ocean views! Includes heat &amp; light, has its own private deck and there is shared laundry onsite. -Newly Painted and Move In ..."
Furnished 1 Bdrm  apartment with deck downtown ,https://www.kijiji.ca/v-apartments-condos/st-johns/furnished-1-bdrm-apartment-with-deck-downtown/1739662406,"Rawlins Cross, St. John&apos;s, NL A1C 3T1",47.569185191565,-52.709119009184,$2100,Bedrooms: 1 *** Bathrooms: 1 *** Size (sq ft): 800 *** Pets Allowed: No *** Lease Length: month-to-month,"Available September 1 - April 30 2027 This beautiful one bedroom apt has a large private deck and a spectacular view of the narrows. Fully furnished, this bright apartment has large windows facing ..."
Furnished  2 Bdrm Apt with Sunroom Utilities  Included Downtown,https://www.kijiji.ca/v-apartments-condos/st-johns/furnished-2-bdrm-apt-with-sunroom-utilities-included-downtown/1739658080,"Rawlins Cross, St. John&apos;s, NL A1C 3T1",47.569185191565,-52.709119009184,$2500,Bedrooms: 2.5 *** Bathrooms: 1 *** Size (sq ft): 1350 *** Pets Allowed: No *** Lease Length: month-to-month,"Available September 1st - April 30, 2027. Includes furnishings and accessories, heat, light, and wifi. Newly renovated, this spacious 1350 sqft apartment has a private entrance, two bedrooms and an ..."
"203 Freshwater Rd - Upper Unit - 3/4 Bedroom, Heat &amp; Light Inc",https://www.kijiji.ca/v-apartments-condos/st-johns/203-freshwater-rd-upper-unit-3-4-bedroom-heat-light-inc/1739605485,"203 Freshwater Rd, St. John&apos;s, NL, A1C 2P2",47.562965987047,-52.730856972156,$2100,Bedrooms: 3 *** Bathrooms: 1 *** Size (sq ft): 0 *** Pets Allowed: No *** Lease Length: one-year,"Welcome to 203 Freshwater Road Upper Unit, a spacious top-floor apartment offering flexible living space in one of St. John&apos;s most convenient locations. With three large, bright bedrooms plus a ..."
"Charming Single family 2-BR, 2 Bath Home Situated in a Beautiful",https://www.kijiji.ca/v-apartments-condos/st-johns/charming-single-family-2-br-2-bath-home-situated-in-a-beautiful/1739596723,"51 Maunder&apos;s Lane, St. John&apos;s, NL",47.599643979966,-52.707311032669,$2600,Bedrooms: 2 *** Bathrooms: 2 *** Size (sq ft): 1800 *** Pets Allowed: No *** Lease Length: one-year,"Welcome to 51 Maunders Lane! This charming single-family home features two bedrooms plus an office and two full bathrooms. The cozy kitchen is equipped with a fridge, stove, and dishwasher, and ..."
Cozy fully furnished basement apartment dtown near Sheraton Hote,https://www.kijiji.ca/v-apartments-condos/st-johns/cozy-fully-furnished-basement-apartment-dtown-near-sheraton-hote/1739596257,"St. John&apos;s, NL A1C 1N1",47.570615269975,-52.702731076955,$900,Bedrooms: 1 *** Bathrooms: 1 *** Size (sq ft): 400 *** Pets Allowed: No *** Lease Length: month-to-month,"I have a FULLY FURNISHED BASEMENT apartment in the downtown area currently available for three months, July - September 2026. I am looking ONE Professional individual for short term rental because ..."
Functional &amp; Bright 2-BR Ground-Level Apt Located in the Centre,https://www.kijiji.ca/v-apartments-condos/st-johns/functional-bright-2-br-ground-level-apt-located-in-the-centre/1739595228,"St. John&apos;s, NL A1B 4E4",47.555180372463,-52.747189948683,$1400,Bedrooms: 2 *** Bathrooms: 1 *** Size (sq ft): 900 *** Pets Allowed: No *** Lease Length: one-year,"Welcome to 3 New Pennywell Road, Unit 103! This well-maintained, two-bedroom, one-bathroom condo features a bright, open-concept layout. The kitchen, dining area, and living room flow together ..."
"2 bedroom apartment Torbay,nl",https://www.kijiji.ca/v-apartments-condos/st-johns/2-bedroom-apartment-torbay-nl/1739586930,"Torbay, NL A1K 0E9",47.656976826329,-52.752080118634,$1250,Bedrooms: 2 *** Bathrooms: 1 *** Size (sq ft): 850 *** Pets Allowed: No *** Lease Length: month-to-month,2 bedroom apartment located in a quiet culdac in Torbay $1250.00 month p.o.u. No pets /no smoking Please contact 709-689-4128 if interested.
"79A Tigress Street St. John&apos;s, Newfoundland &amp; Labrador",https://www.kijiji.ca/v-apartments-condos/st-johns/79a-tigress-street-st-johns-newfoundland-labrador/1736496612,"Tigress Street, St. John&apos;s, NL, A1B0G9",47.555802650205,-52.801616970343,$1500,Bedrooms: 2 *** Bathrooms: 1 *** Size (sq ft): 0 *** Pets Allowed: No *** Lease Length: Not Available,"For lease! Welcome to 79A Tigress Street, a centrally located new home home in Kenmount near Walmart, Home Depot and other amenities with access to highway! This 2 bedroom unit is perfect for young ..."
East end downtown 2 bedroom house for rent,https://www.kijiji.ca/v-apartments-condos/st-johns/east-end-downtown-2-bedroom-house-for-rent/1739570578,"St. John&apos;s, NL A1A 1C2, Canada",47.573612554732,-52.697903268364,$2200,Bedrooms: 2.5 *** Bathrooms: 2 *** Size (sq ft): 1500 *** Pets Allowed: No *** Lease Length: one-year,"** Interested applicants must complete the pre-screening application found at the bottom of this ad, messages on Kijiji will not be monitored ** Downtown East End 2-Bedroom Home for Rent We are ..."
Furnished 1 Bedroom 1 Bathroom Apt in the heart of Downtown!,https://www.kijiji.ca/v-apartments-condos/st-johns/furnished-1-bedroom-1-bathroom-apt-in-the-heart-of-downtown/1739563173,"18 Hamilton Avenue, St. John&apos;s, NL, A1B 1V5",47.555772009099,-52.715348020529,$1100,Bedrooms: 1 *** Bathrooms: 1 *** Size (sq ft): 0 *** Pets Allowed: No *** Lease Length: one-year,"This charming, fully furnished 1-bedroom, 1-bathroom apartment puts you right in the center of the vibrant St. Johns lifestyle. Whether you are a young professional, a student, or looking for a cozy ..."
"Spacious and Bright 2 Storey, 3 Bedroom 1 Bath House for Rent!",https://www.kijiji.ca/v-apartments-condos/st-johns/spacious-and-bright-2-storey-3-bedroom-1-bath-house-for-rent/1739563176,"100 Freshwater Road, St. John&apos;s, NL, A1B 1V5",47.563741019724,-52.721883977168,$1900,Bedrooms: 3 *** Bathrooms: 1 *** Size (sq ft): 0 *** Pets Allowed: No *** Lease Length: one-year,"This well-maintained 3-bedroom, 1-bath home offers the perfect blend of character and comfort in a convenient central location! Features: - 3 spacious bedrooms with plenty of natural light - Bright ..."
Available August 1 Bright 3 bedroom top level available,https://www.kijiji.ca/v-apartments-condos/st-johns/available-august-1-bright-3-bedroom-top-level-available/1739561302,"21 Dorset St, St. John&apos;s, NL A1B 1W8",47.563005004806,-52.746282020931,$2400,Bedrooms: 3 *** Bathrooms: 1 *** Size (sq ft): 1500 *** Pets Allowed: No *** Lease Length: one-year,"Spacious 3 bedroom close to MUN, Health Sciences and Avalon Mall Can be furnished if needed. Heat pump, off street parking and backyard."
3 Bedroom House for Rent in Mount Pearl,https://www.kijiji.ca/v-apartments-condos/st-johns/3-bedroom-house-for-rent-in-mount-pearl/1739495368,"Wells Crescent, Mount Pearl, NL",47.513337634435,-52.827642896257,$2200,Bedrooms: 3 *** Bathrooms: 1.5 *** Size (sq ft): 1800 *** Pets Allowed: No *** Lease Length: month-to-month,"Well-maintained 3-bedroom, 1.5-bathroom home located in a convenient area of Mount Pearl, within a 5-minute walk to a grocery store and bus stop. Features: ✅ 3 Bedrooms ✅ 1.5 Bathrooms ✅ Bright ..."
2 Bedroom Basement Apartment for Rent,https://www.kijiji.ca/v-apartments-condos/st-johns/2-bedroom-basement-apartment-for-rent/1739465194,"Sir Wilfred Grenfell St, St. John&apos;s, NL A1B 0P9",47.548104285983,-52.807352818925,$1800,Bedrooms: 2 *** Bathrooms: 1 *** Size (sq ft): 1000 *** Pets Allowed: No *** Lease Length: one-year,2 Bedroom | 1 Bath | New Apartment for Rent – Available August Location: Kenmount Terrace Rent: 1800 per month + POU Looking for a spacious and modern home in a convenient location? This new ...
Gorgeous 3 bedroom all inclusive. MUN Graduate ; Medical School,https://www.kijiji.ca/v-apartments-condos/st-johns/gorgeous-3-bedroom-all-inclusive-mun-graduate-medical-school/1739456129,"St. John&apos;s, NL A1B 2B7",47.566899446569,-52.750099139637,$2700,Bedrooms: 3 *** Bathrooms: 1 *** Size (sq ft): 2000 *** Pets Allowed: No *** Lease Length: one-year,"Attention Graduate, Medical School students and MUN faculty. Bright and spacious 3 bedroom fully furnished main floor apartment. Including cookware, dishes, cutlery, linens and towels. Heat, Light, ..."
$1200 Two bedroom basement Apartment,https://www.kijiji.ca/v-apartments-condos/st-johns/1200-two-bedroom-basement-apartment/1739284215,"19 Marconi Pl, St. John&apos;s, A1A 5C7",47.604972020539,-52.692942019875,$1200,Bedrooms: 2 *** Bathrooms: 1 *** Size (sq ft): 600 *** Pets Allowed: No *** Lease Length: month-to-month,Vacant - ready to move in immediately. Only interested in 1-July latest start date.
Roommate wanted to share a 3 bedroom home in Cowan Heights,https://www.kijiji.ca/v-apartments-condos/st-johns/roommate-wanted-to-share-a-3-bedroom-home-in-cowan-heights/1739268370,"St. John&apos;s, NL A1E 5S4",47.532269948876,-52.774877889443,$650,Bedrooms: 3 *** Bathrooms: 2.5 *** Size (sq ft): 2487 *** Pets Allowed: Yes *** Lease Length: month-to-month,Looking for roommate to share 3bwdroom home with single male owner of home.. beautiful quiet area and conventionally located.. Rent 650.00 all inclusive Please call Don 7097303215
"10 Lambes Lane Unit#A609 St. John&apos;s, Newfoundland &amp; Labrador",https://www.kijiji.ca/v-apartments-condos/st-johns/10-lambes-lane-unit-a609-st-johns-newfoundland-labrador/1737718835,"Lambes Lane Unit#A609, St. John&apos;s, NL, A1B4E9",47.568639026754,-52.736324403778,$2726,Bedrooms: 5 *** Bathrooms: 2 *** Size (sq ft): 0 *** Pets Allowed: No *** Lease Length: Not Available,"Welcome home to Wester-Land, St. John&apos;s newest &amp; most exciting student accommodations. Enjoy the convenience of living across the street from the MUN campus and the independence that comes with ..."
"10 Lambes Lane Unit#A108 St. John&apos;s, Newfoundland &amp; Labrador",https://www.kijiji.ca/v-apartments-condos/st-johns/10-lambes-lane-unit-a108-st-johns-newfoundland-labrador/1737718837,"Lambes Lane Unit#A108, St. John&apos;s, NL, A1B4E9",47.568639026754,-52.736324403778,$2675,Bedrooms: 5 *** Bathrooms: 2 *** Size (sq ft): 0 *** Pets Allowed: No *** Lease Length: Not Available,"Welcome home to Wester-Land, St. John&apos;s newest &amp; most exciting student accommodations. Enjoy the convenience of living across the street from the MUN campus and the independence that comes with ..."
"10 Lambes Lane Unit#A104 St. John&apos;s, Newfoundland &amp; Labrador",https://www.kijiji.ca/v-apartments-condos/st-johns/10-lambes-lane-unit-a104-st-johns-newfoundland-labrador/1737718832,"Lambes Lane Unit#A104, St. John&apos;s, NL, A1B4E9",47.568639026754,-52.736324403778,$2675,Bedrooms: 5 *** Bathrooms: 2 *** Size (sq ft): 0 *** Pets Allowed: No *** Lease Length: Not Available,"Welcome home to Wester-Land, St. John&apos;s newest &amp; most exciting student accommodations. Enjoy the convenience of living across the street from the MUN campus and the independence that comes with ..."
"10 Lambes Lane Unit#A410 St. John&apos;s, Newfoundland &amp; Labrador",https://www.kijiji.ca/v-apartments-condos/st-johns/10-lambes-lane-unit-a410-st-johns-newfoundland-labrador/1737718836,"Lambes Lane Unit#A410, St. John&apos;s, NL, A1B4E9",47.568639026754,-52.736324403778,$2690,Bedrooms: 5 *** Bathrooms: 2 *** Size (sq ft): 0 *** Pets Allowed: No *** Lease Length: Not Available,"Welcome home to Wester-Land, St. John&apos;s newest &amp; most exciting student accommodations. Enjoy the convenience of living across the street from the MUN campus and the independence that comes with ..."
"10 Lambes Lane Unit#A503 St. John&apos;s, Newfoundland &amp; Labrador",https://www.kijiji.ca/v-apartments-condos/st-johns/10-lambes-lane-unit-a503-st-johns-newfoundland-labrador/1737718833,"Lambes Lane Unit#A503, St. John&apos;s, NL, A1B4E9",47.568639026754,-52.736324403778,$2708,Bedrooms: 5 *** Bathrooms: 2 *** Size (sq ft): 0 *** Pets Allowed: No *** Lease Length: Not Available,"Welcome home to Wester-Land, St. John&apos;s newest &amp; most exciting student accommodations. Enjoy the convenience of living across the street from the MUN campus and the independence that comes with ..."
167 Ladysmith Drive - Kenmount Terrace,https://www.kijiji.ca/v-apartments-condos/st-johns/167-ladysmith-drive-kenmount-terrace/1739214920,"167 Ladysmith Drive, St John’s, NL, A1B 0H8",47.55479019487,-52.796896310894,$2800,Bedrooms: 3 *** Bathrooms: 2.5 *** Size (sq ft): 0 *** Pets Allowed: No *** Lease Length: one-year,"167 Ladysmith Dr is a Beautiful 3 Bedroom + Den Home in Sought-After Kenmount Terrace Welcome home to this spacious and modern 3 bedroom, 2.5 bathroom main floor home with a den, ideally located in ..."
253 Water St - Three Bedroom Single Family Home,https://www.kijiji.ca/v-apartments-condos/st-johns/253-water-st-three-bedroom-single-family-home/1739214922,"253 Water Street, Bay Roberts, NL, A0A 0H2",47.595104005931,-53.260471966705,$1650,Bedrooms: 3 *** Bathrooms: 1 *** Size (sq ft): 0 *** Pets Allowed: No *** Lease Length: one-year,"For Rent 253 Water Street, Bay Roberts, NL 3 Bedroom | 1 Bathroom | Partially Furnished | Single Family Home Welcome home to 253 Water Street, Bay Roberts! This charming and beautifully updated ..."
Furnished three bedroom apartment,https://www.kijiji.ca/v-apartments-condos/st-johns/furnished-three-bedroom-apartment/1735875469,"3 Baltimore St, St. John&apos;s, NL A1B 3B8",47.568160000987,-52.731572032315,$2400,Bedrooms: 3 *** Bathrooms: 1 *** Size (sq ft): 1200 *** Pets Allowed: No *** Lease Length: one-year,3 Baltimore Street. Furnished three-bedroom apartment available May 1st and located just 3 minutes away from Memorial University. Parking spaces available for 2-3 cars. No smoking; no pets; heat and ...
2 Bedroom Basement Apartment,https://www.kijiji.ca/v-apartments-condos/st-johns/2-bedroom-basement-apartment/1739197979,"St. John&apos;s, NL A1B 0C3, Canada",47.548582641198,-52.790300758924,$1700,Bedrooms: 2 *** Bathrooms: 1 *** Size (sq ft): 300 *** Pets Allowed: No *** Lease Length: one-year,"Available August 1, 2026: 2-bedroom basement apartment Features: Private entrance Full kitchen &amp; bathroom Parking available Quiet neighborhood In-unit laundry Safe and quiet neighbourhood Rent: $1700 ..."
Room + board + laundry + meals + care for senior in Tors Cove,https://www.kijiji.ca/v-apartments-condos/st-johns/room-board-laundry-meals-care-for-senior-in-tors-cove/1739179349,"410 Beachy Cove Rd, Tors Cove, A0A 4A0",47.226365730503,-52.875336223758,$1400,Bedrooms: 1 *** Bathrooms: 1 *** Size (sq ft): 5 *** Pets Allowed: Yes *** Lease Length: month-to-month,I am a 35 year old woman living with my family (partner and children) in Tors Cove NL. We are hoping to open our home to a senior that may require some basic care. Its a absolutely beautiful half ...
Room for rent ,https://www.kijiji.ca/v-apartments-condos/st-johns/room-for-rent/1739167686,"Conroy Pl, St. John&apos;s, NL A1B 2K3",47.591125996593,-52.731910168613,$650,Bedrooms: 3 *** Bathrooms: 1 *** Size (sq ft): 2000 *** Pets Allowed: No *** Lease Length: month-to-month,"One private room available in a clean, quiet 3-bedroom home! ✅ $650/month – Heat, Electricity &amp; Wi-Fi included ✅ Washer/dryer in unit ✅ Quiet cul-de-sac in a very safe neighborhood ✅ 3-minute walk to ..."
"111 Empire Avenue St. John&apos;s, Newfoundland &amp; Labrador",https://www.kijiji.ca/v-apartments-condos/st-johns/111-empire-avenue-st-johns-newfoundland-labrador/1739162152,"Empire Avenue, St. John&apos;s, NL, A1C3G1",47.563969289965,-52.731074925312,$3750,Bedrooms: 3 *** Bathrooms: 3 *** Size (sq ft): 0 *** Pets Allowed: No *** Lease Length: Not Available,"Welcome to 111 Empire Avenue – executive townhouse available for lease in a prime central location. This exceptionally well-kept home offers 3 bedrooms (or 2 bedrooms plus office space), an attached ..."
Brand New 3-Bedroom Home with Ocean View in Paradise,https://www.kijiji.ca/v-apartments-condos/st-johns/brand-new-3-bedroom-home-with-ocean-view-in-paradise/1739151175,"Durrell St, Paradise, NL A1L",47.527577279,-52.872632351,$2450,Bedrooms: 3 *** Bathrooms: 3 *** Size (sq ft): 2200 *** Pets Allowed: No *** Lease Length: one-year,✨Beautiful 3-Bedroom Home with Ocean View for Rent in Paradise Welcome to this spacious and modern two-storey home located in one of Paradise’s. Enjoy beautiful ocean views from the patio and a ...
Downtown - Furnished Studio Flat for Rent - Available Aug 1st,https://www.kijiji.ca/v-apartments-condos/st-johns/downtown-furnished-studio-flat-for-rent-available-aug-1st/1739128027,"St. John&apos;s, NL A1E 1B1",47.55676136704,-52.712676959444,$1195,Bedrooms: 1 *** Bathrooms: 1 *** Size (sq ft): 300 *** Pets Allowed: No *** Lease Length: one-year,DOWNTOWN - 1 BEDROOM FULLY FURNISHED EXECUTIVE STUDIO FLAT FOR LEASE!! This 2nd floor executive studio flat has been renovated back to the studs just less than 2 years ago. The kitchen has ceiling ...
"207 B New Gower Street St. John&apos;s, Newfoundland &amp; Labrador",https://www.kijiji.ca/v-apartments-condos/st-johns/207-b-new-gower-street-st-johns-newfoundland-labrador/1739115936,"B New Gower Street, St. John&apos;s, NL, A1C1J8",47.559816018478,-52.712837806699,$2175,Bedrooms: 3 *** Bathrooms: 1 *** Size (sq ft): 0 *** Pets Allowed: No *** Lease Length: Not Available,"Welcome to this bright and inviting , fully furnished , 3 bedroom apartment. Featuring an open concept layout with plenty natural light, this space offers a seamless blend of modern updates and ..."
77A Rennies Mill Rd - Fully Furnished Main Floor Bannerman Park,https://www.kijiji.ca/v-apartments-condos/st-johns/77a-rennies-mill-rd-fully-furnished-main-floor-bannerman-park/1739082659,"77A Rennies Mill Road, St. John&apos;s, NL, A1C 3R1",47.572171998942,-52.71033396605,$2600,Bedrooms: 3 *** Bathrooms: 1.5 *** Size (sq ft): 0 *** Pets Allowed: No *** Lease Length: one-year,"77A Rennies Mill Road is located right in the heart of St. John&apos;s and within walking distance to Signal Hill, The Battery, Quidi Vidi, Bannerman Park, cafes, fine dining, pubs, shopping, boutiques, ..."
Spacious &amp; Well Maintained 3-BR Main Floor Home Located in CBS w,https://www.kijiji.ca/v-apartments-condos/st-johns/spacious-well-maintained-3-br-main-floor-home-located-in-cbs-w/1739069166,"Centennial Street, Mount Pearl, NL",47.518890882466,-52.80537266759,$2250,Bedrooms: 3 *** Bathrooms: 2 *** Size (sq ft): 1500 *** Pets Allowed: No *** Lease Length: one-year,"Welcome to 26 Juniper Place. This functional and spacious 3-bedroom main floor home is located on a very quiet street in CBS. Every room in this home is spacious, featuring a large sunken family ..."
50 Livingstone Street - Furnished Downtown Home,https://www.kijiji.ca/v-apartments-condos/st-johns/50-livingstone-street-furnished-downtown-home/1737523958,"50 Livingstone Street, St. John&apos;s, NL, A1C 1V6",47.5638659939,-52.711682027537,$1700,Bedrooms: 2 *** Bathrooms: 1 *** Size (sq ft): 0 *** Pets Allowed: No *** Lease Length: one-year,"50 Livingstone Street is a two bedroom, two story home located in a the heart of Downtown, St John&apos;s and within walking distance to The Mary Browns Centre, St John&apos;s Convention Centre, The Ever ..."
looking for 2 to 3 bedroom pet friendly house ib st. john&apos;s,https://www.kijiji.ca/v-apartments-condos/st-johns/looking-for-2-to-3-bedroom-pet-friendly-house-ib-st-johns/1738997459,"St. John&apos;s, NL, A1C4X7",47.558768539484,-52.716574963516,$2000,Bedrooms: 3 *** Bathrooms: 1 *** Size (sq ft): 1200 *** Pets Allowed: Yes *** Lease Length: one-year,Looking for a 2 to 3 bedroom house in or within an hour of st john&apos;s pet friendly as we need to relocate closer due to on going medical apointments for our son we are a working couple
One Bedroom Apt for rent,https://www.kijiji.ca/v-apartments-condos/st-johns/one-bedroom-apt-for-rent/1735962857,"St. John&apos;s, NL A1C 1B8",47.561937611346,-52.710110085416,$950,Bedrooms: 1 *** Bathrooms: 1 *** Size (sq ft): 700 *** Pets Allowed: No *** Lease Length: one-year,Downtown Apt for lease close to all amities freshly painted and new flooring. $ 950.00 a month and POU Please call Eric to view at 579-0983
SPACIOUS 3BEDROOM APARTMENT,https://www.kijiji.ca/v-apartments-condos/st-johns/spacious-3bedroom-apartment/1738918818,"Morgan Ave, Paradise, NL A1L 3N3, Canada",47.553318964833,-52.898749719114,$2400,Bedrooms: 3.5 *** Bathrooms: 2.5 *** Size (sq ft): 2300 *** Pets Allowed: No *** Lease Length: one-year,"Beautiful 3-Bedroom Family Home for Rent in Paradise | Available Now / July 15 $2,350/month POU Welcome to your next home in the heart of Paradise, NL! This bright, spacious, and well-maintained ..."
"Fully Renovated in 2025! Center City, St. John’s! 3 BR Main Floo",https://www.kijiji.ca/v-apartments-condos/st-johns/fully-renovated-in-2025-center-city-st-john-s-3-br-main-floo/1738882004,"St. John&apos;s, NL A1E 5N9, Canada",47.551753766626,-52.747441070502,$2000,Bedrooms: 3 *** Bathrooms: 1.5 *** Size (sq ft): 1300 *** Pets Allowed: No *** Lease Length: one-year,"Welcome to 482 Empire Avenue! This beautifully updated bright and spacious 3-bedroom house was fully renovated in 2025. The updated kitchen includes a fridge, stove, and dishwasher, while the ..."
Modern Downtown Living — 2 BR Condo in the Heart of Historic St.,https://www.kijiji.ca/v-apartments-condos/st-johns/modern-downtown-living-2-br-condo-in-the-heart-of-historic-st/1738878396,"St. John&apos;s, NL A1E 2S5, Canada",47.553280907475,-52.717298824674,$1700,Bedrooms: 2 *** Bathrooms: 1 *** Size (sq ft): 900 *** Pets Allowed: No *** Lease Length: one-year,"Welcome to 7 Patrick Street, Unit #4 — where charm meets comfort in the heart of St. John’s. This spacious two-bedroom condo offers the perfect blend of modern features and cozy touches, ideal for ..."
3 Bedroom House for Rent,https://www.kijiji.ca/v-apartments-condos/st-johns/3-bedroom-house-for-rent/1738826659,"St. John&apos;s, NL, A1B",47.568555414,-52.776419262,$2500,Bedrooms: 3.5 *** Bathrooms: 1 *** Size (sq ft): 2500 *** Pets Allowed: Yes *** Lease Length: one-year,"3-Bedroom Unfurnished Apartment for Rent Available July 1st, 2026, Pet friendly. POU St. John’s, NL – Higgins Line! About the Apartment: 3 bright and spacious bedrooms 1 full bathroom Additional ..."
Private basement suite with shared kitchen/bath,https://www.kijiji.ca/v-apartments-condos/st-johns/private-basement-suite-with-shared-kitchen-bath/1738818170,"St. John&apos;s, NL A1E 4N4",47.542216921012,-52.746673958724,$1000,Bedrooms: 1.5 *** Bathrooms: 1.5 *** Size (sq ft): 750 *** Pets Allowed: No *** Lease Length: month-to-month,"Cozy private basement suite including bedroom, living room and office/closet. Tenant to share kitchen and bathroom with other house members. Female preferred. Single occupancy only (unless short term ..."
"3 rooms for rent, female only",https://www.kijiji.ca/v-apartments-condos/st-johns/3-rooms-for-rent-female-only/1738773078,"A1C 3K1, Canada",47.573142162325,-52.701259633853,$540,Bedrooms: 3 *** Bathrooms: 1 *** Size (sq ft): 1500 *** Pets Allowed: No *** Lease Length: month-to-month,Three rooms for rent. 540 each if you rent all three rooms; or 570 for each room. POU. Furniture can be provided if needed. Female international student or working professional only. Direct bus to ...
"134 Portugal Cove Road Unit#304 St. John&apos;s, Newfoundland &amp; Labra",https://www.kijiji.ca/v-apartments-condos/st-johns/134-portugal-cove-road-unit-304-st-johns-newfoundland-labra/1737189297,"Portugal Cove Road Unit#304, St. John&apos;s, NL, A1A0L1",47.588952317642,-52.712981976901,$2200,Bedrooms: 2 *** Bathrooms: 2 *** Size (sq ft): 0 *** Pets Allowed: No *** Lease Length: Not Available,"Thinking about downsizing without compromising on comfort or convenience? Welcome to Unit 304 at The Highgate, a beautifully refreshed condo at 134 Portugal Cove Road that is now available for lease. ..."
31A Motion Dr - One Bed + Den with Ocean Views and Private Deck!,https://www.kijiji.ca/v-apartments-condos/st-johns/31a-motion-dr-one-bed-den-with-ocean-views-and-private-deck/1738734836,"31 Motion Drive, Torbay, NL, A1K 1A7",47.661624885007,-52.714282010083,$1250,Bedrooms: 1.5 *** Bathrooms: 1 *** Size (sq ft): 0 *** Pets Allowed: No *** Lease Length: one-year,"31A Motion Dr is a large, very private, one bedroom with den apartment on Motion Drive in Torbay with private deck and view of the ocean. This large apartment consists of a large eat in kitchen, very ..."
Rooms for rent.,https://www.kijiji.ca/v-apartments-condos/st-johns/rooms-for-rent/1738728116,"Stavanger Dr, St. John&apos;s, NL A1A",47.621000653407,-52.705662869064,$370,Bedrooms: 2 *** Bathrooms: 2 *** Size (sq ft): 1 *** Pets Allowed: No *** Lease Length: month-to-month,I have rooms for rent near stavanger drive. If anyone looking for the room please text here.
looking for house,https://www.kijiji.ca/v-apartments-condos/st-johns/looking-for-house/1738713118,"154 Torbay Rd, St. John&apos;s, A1A 2H2",47.591826011237,-52.709116997527,$2000,Bedrooms: 3 *** Bathrooms: 1 *** Size (sq ft): 2000 *** Pets Allowed: No *** Lease Length: one-year,Hi We are 3 family members looking for unfurnished or semi furnished house from 1st july 2026 for long term at least 1 year. We are all mature adults and all working . Ready to provide references. We ...
looking for a room or house to rent,https://www.kijiji.ca/v-apartments-condos/st-johns/looking-for-a-room-or-house-to-rent/1738598438,"St. John&apos;s, NL, A1B3A1",47.575312404696,-52.726828461851,$700,Bedrooms: 1.5 *** Bathrooms: 1 *** Size (sq ft): 500 *** Pets Allowed: No *** Lease Length: one-year,"Hi everyone, I’m currently looking for a 1-bedroom or a 2 bed apartment in the St. John’s area preferably downtown or near Mun ideally in the 750 to $1,100 range. I’m a 21-year-old man, a mature and ..."
Short Term/Long Term Rentals,https://www.kijiji.ca/v-apartments-condos/st-johns/short-term-long-term-rentals/1666735630,"Higgins Line, St. John&apos;s, NL",47.595267997866,-52.726335019211,$1575,Bedrooms: 0 *** Bathrooms: 1 *** Size (sq ft): 400 *** Pets Allowed: No *** Lease Length: one-year,Contact us directly for more information. info@latitudelivingstjohns.ca Visit https://latitudelivingstjohns.ca/ for application process. Find Your Perfect Fit at Latitude Living: Fully Furnished ...
2 Story home for rent in Paradise NL,https://www.kijiji.ca/v-apartments-condos/st-johns/2-story-home-for-rent-in-paradise-nl/1738484503,"St Thomas Line, Paradise, NL, A1L0S2",47.534014977298,-52.893253077238,$2300,Bedrooms: 3 *** Bathrooms: 2.5 *** Size (sq ft): 1300 *** Pets Allowed: No *** Lease Length: one-year,"2300.00 ,POU Damage deposit 1150.00. References required. Has electric heat, propane fireplace. Laundry room with washer and dryer included. Partially furnished with 3 pc sofa set, China cabinet and ..."
looking for room to rent. ,https://www.kijiji.ca/v-apartments-condos/st-johns/looking-for-room-to-rent/1738465283,"13 Grenfell Ave, St. John&apos;s, A1C 3C8",47.561723998544,-52.72975802083,$600,Bedrooms: 1 *** Bathrooms: 1 *** Size (sq ft): 8 *** Pets Allowed: No *** Lease Length: one-year,Mature working man looking to rent a room in downtown area.
single working male looking for room,https://www.kijiji.ca/v-apartments-condos/st-johns/single-working-male-looking-for-room/1738216343,"Mount Pearl, NL, A1N 2E3",47.514424248372,-52.818693031007,$900,Bedrooms: 1 *** Bathrooms: 1 *** Size (sq ft): 709 *** Pets Allowed: No *** Lease Length: month-to-month,Looking to rent a room asap preferably with ensuite bathroom in mount pearl price is fkexible you can reach me at 17096837663 by call or text.
One bedroom apartment fully furnished near MUN,https://www.kijiji.ca/v-apartments-condos/st-johns/one-bedroom-apartment-fully-furnished-near-mun/1738108131,"Donegal Pl, St. John&apos;s, A1B 3L6",47.563756940967,-52.756203856024,$1000,Bedrooms: 1 *** Bathrooms: 1 *** Size (sq ft): 400 *** Pets Allowed: No *** Lease Length: one-year,"Above ground bachelor apartment, fully furnished, near university. $1000 including heat, light and internet. Washer dryer in apt. Preference given to mature Masters or PhD students at Memorial. Not ..."
Bright &amp; Spacious 2 Bedroom + Den For Rent  On The Boulevard,https://www.kijiji.ca/v-apartments-condos/st-johns/bright-spacious-2-bedroom-den-for-rent-on-the-boulevard/1737711473,"St. John&apos;s, NL A1C 4J2",47.564787667973,-52.71674863655,$2300,Bedrooms: 2.5 *** Bathrooms: 1 *** Size (sq ft): 1100 *** Pets Allowed: No *** Lease Length: one-year,"Apartment is currently rented short term until September 1 Insurance stays welcome. Can be Ideal for families temporarily displaced due to home repairs, water damage, or insurance claims. 2 Bedroom + ..."
Park Ave 3 Bdrm main floor,https://www.kijiji.ca/v-apartments-condos/st-johns/park-ave-3-bdrm-main-floor/1737697531,"Park Ave, Mount Pearl, NL A1N 1K2",47.519314020183,-52.793225456399,$2200,Bedrooms: 3 *** Bathrooms: 1.5 *** Size (sq ft): 1200 *** Pets Allowed: No *** Lease Length: one-year,"Mount Pearl – Park Ave – Ideal senior living – 3 bedroom If your reading this ad its still available! ( will not respond to &apos;Is it still available&apos;) Available June 1,2026 Walk through video link ..."
New 3-Bedroom Apartment in a Nice Environment,https://www.kijiji.ca/v-apartments-condos/st-johns/new-3-bedroom-apartment-in-a-nice-environment/1737255818,"Jensen Camp Rd, St. John&apos;s, NL",47.545957820527,-52.755976181078,$2500,Bedrooms: 3.5 *** Bathrooms: 2.5 *** Size (sq ft): 2152 *** Pets Allowed: No *** Lease Length: one-year,"Looking for a spacious and modern place to call home? This bright, unfurnished 3-bedroom apartment, located in a quiet, family-friendly neighbourhood, is available for rent starting August 31st, ..."
Room for Rent,https://www.kijiji.ca/v-room-rental-roommate/st-johns/room-for-rent/1740113355,"St. John&apos;s, NL A1B 5E3",47.566699831545,-52.771455893652,$540,Pets Allowed: No,"Bedroom for rent in a 6 bedroom apartment with 2.5 bathrooms. Available August 1, 2026. Fully furnished with a double bed, desk, chair, nightstand, and dresser. The bathroom is shared with two other ..."
"July Summer House available - 4+ bedrooms, parkside, great loc",https://www.kijiji.ca/v-short-term-rental/st-johns/july-summer-house-available-4-bedrooms-parkside-great-loc/1740113035,"St. John&apos;s, NL A1A 3K6",47.580753181866,-52.699129708437,$2399,Bedrooms: 4 *** Bathrooms: 1,"Vocational house/summer house for July (approved sublet by landlord, whole house for July only; immediately available, rate is calculated from now to July 31) Move-in: immediately, any time. ..."
"14 International Place Unit#203 St. John&apos;s, Newfoundland &amp; Labra",https://www.kijiji.ca/v-commercial-office-space/st-johns/14-international-place-unit-203-st-johns-newfoundland-labra/1738655985,"International Place Unit#203, St. John&apos;s, NL, A1A0L4",47.603646674009,-52.732547099112,$18,,"Individual offices and cubicle workstations are available at 14 International Place, St. John&apos;s, NL, starting at $500 per month for cubicles and $600-1000 for offices, depending on size, plus ..."
"1328 Topsail Road Paradise, Newfoundland &amp; Labrador",https://www.kijiji.ca/v-commercial-office-space/st-johns/1328-topsail-road-paradise-newfoundland-labrador/1732686370,"Topsail Road, Paradise, NL, A1L1P2",47.528070481031,-52.872030770283,$15,,"Commercial Space for Lease – 1328 Topsail Road Prime opportunity to lease versatile commercial space in a high-traffic, well established commercial area of Topsail Road. This second-floor property ..."
"136 Crosbie Road Unit#204A St John&apos;s, Newfoundland &amp; Labrador",https://www.kijiji.ca/v-commercial-office-space/st-johns/136-crosbie-road-unit-204a-st-johns-newfoundland-labrador/1714724152,"Crosbie Road Unit#204A, St John&apos;s, NL, A1B3K3",47.560721061919,-52.743673991758,$14,,"On the second floor of this commercial area, you&apos;ll find a versatile space with multiple rooms. Each room is thoughtfully designed to cater to different needs and businesses. One room could be a ..."
"140 Kelsey Drive St. John&apos;s, Newfoundland &amp; Labrador",https://www.kijiji.ca/v-commercial-office-space/st-johns/140-kelsey-drive-st-johns-newfoundland-labrador/1731239186,"Kelsey Drive, St. John&apos;s, NL, A1B0T2",47.561348641443,-52.78137755562,$24,,"Available now, 140 Kelsey Drive has 7,500 sq. ft. of turn-key office space available for lease on the 3rd floor at an annual rate of $24 per sq ft net. This space is near move-in ready including ..."
"House for rent for July (or July-Aug, seasonal, one month OK)",https://www.kijiji.ca/v-short-term-rental/st-johns/house-for-rent-for-july-or-july-aug-seasonal-one-month-ok/1740029513,"St. John&apos;s, NL A1B 2C9",47.558312605861,-52.764716843499,$2400,Bedrooms: 4 *** Bathrooms: 1 *** Pets Allowed: No,Summer Home Available for Lease! Available: from now to Sep1st. Ideal for vacational travellers/seasonal workers Go by month: e.g. you can rent July only or July to Auguest. Key Features: - Water + ...
"295-303 Water Street Harbour Grace, Newfoundland &amp; Labrador",https://www.kijiji.ca/v-commercial-office-space/st-johns/295-303-water-street-harbour-grace-newfoundland-labrador/1733968606,"Water Street, Harbour Grace, NL, A0A2M0",47.704562776584,-53.22956411784,$9,,"Located at 295–303 Water Street in Harbour Grace, this warehouse space offers up to 98,000 sq. ft. available for lease and is well suited for storage, logistics, or light industrial use. Portions of ..."
"35 Campbell Avenue St. John&apos;s, Newfoundland &amp; Labrador",https://www.kijiji.ca/v-commercial-office-space/st-johns/35-campbell-avenue-st-johns-newfoundland-labrador/1736975725,"Campbell Avenue, St. John&apos;s, NL, A1E2Z3",47.554541819579,-52.726005130926,$14,,Retail and Office building for lease . 4667sqft space. Previously occupied by Doctors . There is one additional floor of office space (equivalent square footage of 4667sqft each) which is currently ...
"685-687 WATER Street ST JOHNS, Newfoundland &amp; Labrador",https://www.kijiji.ca/v-commercial-office-space/st-johns/685-687-water-street-st-johns-newfoundland-labrador/1735399007,"WATER Street, ST JOHNS, NL, A1B1C4",47.560685145464,-52.746109102269,$1250,,"FOR LEASE! LOCATED IN THE MARSHALL BUILDING ON WATER STREET IN THE WEST END OF THE CITY ! FIRST FLOOR unit approximate 1000 sq feet consisting of a reception area , 5 offices and an exclusive ..."
"685-687 WATER Street ST JOHNS, Newfoundland &amp; Labrador",https://www.kijiji.ca/v-commercial-office-space/st-johns/685-687-water-street-st-johns-newfoundland-labrador/1735399008,"WATER Street, ST JOHNS, NL, A1B1C4",47.560685145464,-52.746109102269,$1250,,"FOR LEASE IN THE MARSHALL BUILDING , THIS IS AN UPSTAIRS UNIT , approx 800 sq feet , consisting of a reception room , 3 offices , storage and working area . high exposure location on Water street . ..."
"215 Water Street Unit#809 St.Johns, Newfoundland &amp; Labrador",https://www.kijiji.ca/v-commercial-office-space/st-johns/215-water-street-unit-809-st-johns-newfoundland-labrador/1739964593,"Water Street Unit#809, St.Johns, NL, A1C6C9",47.563100307045,-52.707358893336,$23,,"Elevate your business in the heart of downtown St. John&apos;s! Situated on the 8th floor of Atlantic Place, 215 Water Street, this premium office space offers a bright, adaptable workspace- from legal ..."
"215 Water Street Unit#813B St.Johns, Newfoundland &amp; Labrador",https://www.kijiji.ca/v-commercial-office-space/st-johns/215-water-street-unit-813b-st-johns-newfoundland-labrador/1739964594,"Water Street Unit#813B, St.Johns, NL, A1C6C9",47.563100307045,-52.707358893336,$23,,"Elevate your business in the heart of downtown St. John&apos;s! Situated on the 8th floor of Atlantic Place, 215 Water Street, this premium office space offers a bright, adaptable workspace- from legal ..."
room for rent ,https://www.kijiji.ca/v-short-term-rental/st-johns/room-for-rent/1739961335,"20 Lambe&apos;s Ln, St. John&apos;s, A1B 4E9",47.568161006816,-52.737013982952,$800,Bathrooms: 1,️!!ROOM FOR RENT!!️ Looking for someone to take over my lease in St. John’s next to MUN as i have moved back home and am no longer in need of this apartment! The lease is good until end of August ...
"320 Torbay Road Unit#200 St. John&apos;s, Newfoundland &amp; Labrador",https://www.kijiji.ca/v-commercial-office-space/st-johns/320-torbay-road-unit-200-st-johns-newfoundland-labrador/1736919312,"Torbay Road Unit#200, St. John&apos;s, NL, A1A4E1",47.603361605482,-52.714929595923,$800,,"Don’t miss out on this opportunity of 265 Square foot of office space located in the Fall River Plaza, East End of St. John’s! This location is in the heart of the busy, sought-after Torbay Road ..."
"12 Gleneyre Street Unit#306 St. John&apos;s, Newfoundland &amp; Labrador",https://www.kijiji.ca/v-commercial-office-space/st-johns/12-gleneyre-street-unit-306-st-johns-newfoundland-labrador/1736916628,"Gleneyre Street Unit#306, St. John&apos;s, NL, A1A2M7",47.601660791599,-52.713348433708,$18,,"1129 sqft of office space ready to go. Located on the corner of Torbay Rd and Gleneyre St,this office space is a great option for a professional or medical clinic. Building is well maintained, offers ..."
"136 Crosbie Road Unit#Suite 309 St. John&apos;s, Newfoundland &amp; Labra",https://www.kijiji.ca/v-commercial-office-space/st-johns/136-crosbie-road-unit-suite-309-st-johns-newfoundland-labra/1699763945,"Crosbie Road Unit#Suite 309, St. John&apos;s, NL, A1B3K3",47.560721061919,-52.743673991758,$14,,Welcome to the &quot;&quot;Viking Building&quot;&quot;. We have availability to suit almost any need. Centrally located this office is easily accessible from Columbus Drive allowing clients or employees to flow in from ...
"136 Crosbie Road Unit#Suite 304 St. John&apos;s, Newfoundland &amp; Labra",https://www.kijiji.ca/v-commercial-office-space/st-johns/136-crosbie-road-unit-suite-304-st-johns-newfoundland-labra/1699763741,"Crosbie Road Unit#Suite 304, St. John&apos;s, NL, A1B3K3",47.560721061919,-52.743673991758,$14,,Welcome to the &quot;&quot;Viking Building&quot;&quot;. We have availability to suit almost any need. Centrally located this office is easily accessible from Columbus Drive allowing clients or employees to flow in from ...
"136 Crosbie Road Unit#307 St. John&apos;s, Newfoundland &amp; Labrador",https://www.kijiji.ca/v-commercial-office-space/st-johns/136-crosbie-road-unit-307-st-johns-newfoundland-labrador/1699763777,"Crosbie Road Unit#307, St. John&apos;s, NL, A1B3K3",47.560721061919,-52.743673991758,$14,,Welcome to the &quot;&quot;Viking Building&quot;&quot;. We have availability to suit almost any need. Centrally located this office is easily accessible from Columbus Drive allowing clients or employees to flow in from ...
"136 Crosbie Road Unit#Suite 301 St. John&apos;s, Newfoundland &amp; Labra",https://www.kijiji.ca/v-commercial-office-space/st-johns/136-crosbie-road-unit-suite-301-st-johns-newfoundland-labra/1699763722,"Crosbie Road Unit#Suite 301, St. John&apos;s, NL, A1B3K3",47.560721061919,-52.743673991758,$14,,Welcome to the &quot;&quot;Viking Building&quot;&quot;. We have availability to suit almost any need. Centrally located this office is easily accessible from Columbus Drive allowing clients or employees to flow in from ...
"136 Crosbie Road Unit#Suite 400 St. John&apos;s, Newfoundland &amp; Labra",https://www.kijiji.ca/v-commercial-office-space/st-johns/136-crosbie-road-unit-suite-400-st-johns-newfoundland-labra/1699763735,"Crosbie Road Unit#Suite 400, St. John&apos;s, NL, A1B3K3",47.560721061919,-52.743673991758,$14,,Welcome to the &quot;&quot;Viking Building&quot;&quot;. We have availability to suit almost any need. Centrally located this office is easily accessible from Columbus Drive allowing clients or employees to flow in from ...
"136 Crosbie Road Unit#203 St John&apos;s, Newfoundland &amp; Labrador",https://www.kijiji.ca/v-commercial-office-space/st-johns/136-crosbie-road-unit-203-st-johns-newfoundland-labrador/1699763782,"Crosbie Road Unit#203, St John&apos;s, NL, A1B3K3",47.560721061919,-52.743673991758,$14,,"On the second floor of this commercial area, you&apos;ll find a versatile space with multiple rooms. Each room is thoughtfully designed to cater to different needs and businesses. One room could be a ..."
Private Room For Rent in Paradise,https://www.kijiji.ca/v-room-rental-roommate/st-johns/private-room-for-rent-in-paradise/1739890425,"Paradise Rd, Paradise, A1L 2S6",47.541308835434,-52.875185236015,$900,,"Private room for rent in Paradise. Please Note: if this ad is posted, this room is still available. Off St. Thomas Line. Not on a bus route. Driveway parking. STRICTLY non smokers only. Pet free home ..."
151A University Ave - 2 Rooms for rent in 4 bedroom unit,https://www.kijiji.ca/v-room-rental-roommate/st-johns/151a-university-ave-2-rooms-for-rent-in-4-bedroom-unit/1739883527,"St. John&apos;s, NL A1B 1Z6",47.566407135486,-52.742219983014,$575,Pets Allowed: No,"Available immediately 5 min walk to MUN and HSC Bus stop in front of unit Laundry on site Kitchen appliances and common area furniture included Wifi, heat and light included"
"263 Memorial Drive Unit#Suite 206 Clarenville, Newfoundland &amp; La",https://www.kijiji.ca/v-commercial-office-space/st-johns/263-memorial-drive-unit-suite-206-clarenville-newfoundland-la/1732457530,"Memorial Drive Unit#Suite 206, Clarenville, NL, A5A1R5",48.160572046489,-53.968451681532,$1200,,"FOR LEASE on the lower level of the Organ &amp; Drodge Building, 263 Memorial Drive approximately 1100 sq. feet of multi use space. This space, previously occupied by Eagle photo, is in a prime, central ..."
"136 Crosbie Road Unit#403 St John&apos;s, Newfoundland &amp; Labrador",https://www.kijiji.ca/v-commercial-office-space/st-johns/136-crosbie-road-unit-403-st-johns-newfoundland-labrador/1699682639,"Crosbie Road Unit#403, St John&apos;s, NL, A1B3K3",47.560721061919,-52.743673991758,$14,,"Location, Location, Location. Welcome to the &quot;&quot;Viking Building&quot;&quot;. Seize this rare opportunity to establish your business in one of the most sought-after commercial zones. This space has multiple ..."
"1187 Kenmount Road Unit#B2 Paradise, Newfoundland &amp; Labrador",https://www.kijiji.ca/v-commercial-office-space/st-johns/1187-kenmount-road-unit-b2-paradise-newfoundland-labrador/1738400331,"Kenmount Road Unit#B2, Paradise, NL, A1L0V8",47.519946371913,-52.851818563813,$20,,"Located in a high-traffic commercial corridor, 1187 Kenmount Road offers approximately 1,500 sq. ft. of professional commercial space ideal for office, retail, or service-based businesses. This ..."
"40 Aberdeen Avenue Unit#104 St. John&apos;s, Newfoundland &amp; Labrador",https://www.kijiji.ca/v-commercial-office-space/st-johns/40-aberdeen-avenue-unit-104-st-johns-newfoundland-labrador/1739832846,"Aberdeen Avenue Unit#104, St. John&apos;s, NL, A1A5T3",47.617158721023,-52.714143624862,$26,,"The available 1,500 SF commercial space offers a highly functional and versatile layout that can accommodate a wide range of professional and service-oriented businesses. Whether you are seeking ..."
"456 Logy Bay Road St. John&apos;s, Newfoundland &amp; Labrador",https://www.kijiji.ca/v-commercial-office-space/st-johns/456-logy-bay-road-st-johns-newfoundland-labrador/1736762149,"Logy Bay Road, St. John&apos;s, NL, A1A5C6",47.606568566188,-52.69021718305,$10,,"For Lease at $10 per sq ft &quot;&quot;triple net&quot;&quot; 50,760 sq ft (Main Bldg - Fabrication &amp; Office) with a gross rentable area of 67,160 (Megadome, Paint Hall &amp; Storage). The fabrication area measures 116 feet ..."
"57-59 THOMPSON Street CLARENVILLE, Newfoundland &amp; Labrador",https://www.kijiji.ca/v-commercial-office-space/st-johns/57-59-thompson-street-clarenville-newfoundland-labrador/1736760217,"THOMPSON Street, CLARENVILLE, NL, A5A1Y9",48.163729991374,-53.979023985555,$3150,,LOOK! Available _____ PRIME RENTAL SPACE located at &quot;&quot;The Boardwalk&quot;&quot; which is one of Clarenville&apos;s newest shopping plazas and situated in a high traffic area of Clarenville and almost next door to ...
Move-In Ready Room Near MUN | All Utilities Included Sept ,https://www.kijiji.ca/v-room-rental-roommate/st-johns/move-in-ready-room-near-mun-all-utilities-included-sept/1739809493,"St. John&apos;s, NL A1B 1W6",47.56231643146,-52.745973315437,$750,Pets Allowed: No,"House locates in a mature and quiet area. Walking distance to MUN and Avalon mall. Bus stop next to house goes to MUN, CNA, Avalon mall, Village mall. Looking for a student to take this cozy ..."
"1 Crosbie Place Unit#202 St. John&apos;s, Newfoundland &amp; Labrador",https://www.kijiji.ca/v-commercial-office-space/st-johns/1-crosbie-place-unit-202-st-johns-newfoundland-labrador/1735166339,"Crosbie Place Unit#202, St. John&apos;s, NL, A1B3Y8",47.559714688714,-52.745618090381,$26,,"Conveniently located on the top floor with parking right outside, this recently renovated 3,900 sq. ft. office space is ready to support your growing business. Thoughtfully designed, it features 11 ..."
"1328 Topsail Road Unit#D Paradise, Newfoundland &amp; Labrador",https://www.kijiji.ca/v-commercial-office-space/st-johns/1328-topsail-road-unit-d-paradise-newfoundland-labrador/1732364554,"Topsail Road Unit#D, Paradise, NL, A1L1P2",47.533432267389,-52.838624023292,$12,,"Warehouse FOR LEASE! 7500sqft of warehouse plus bonus mezzanine with 2 rooms that would be perfect for 2 offices, office + lunchroom/boardroom and or Shop office. There additional office space on the ..."
"277 Water Street Unit#2nd floor St. John&apos;s, Newfoundland &amp; Labra",https://www.kijiji.ca/v-commercial-office-space/st-johns/277-water-street-unit-2nd-floor-st-johns-newfoundland-labra/1732364555,"Water Street Unit#2nd floor, St. John&apos;s, NL, A1C6L3",47.562747457178,-52.708482505339,$22,,"Approximately 14000 contiguous square feet on 1 level of office or any other potential use within CCR zoning. Ample parking available on site. Current tenancy is a mix of high end retail, large tech ..."
"55 Duckworth Street St. John&apos;s, Newfoundland &amp; Labrador",https://www.kijiji.ca/v-commercial-office-space/st-johns/55-duckworth-street-st-johns-newfoundland-labrador/1738248343,"Duckworth Street, St. John&apos;s, NL, A1C1E6",47.57030631383,-52.700802307399,$1100,,HEAT AND LIGHT INCLUDED! We currently have 2 spaces available. $1100/month(+HST) &amp; $850/month (+HST) Welcome to 55 Duckworth Street: a modern and sophisticated shared office space. This prime ...
"1187 Kenmount Road Unit#B2 St John&apos;s, Newfoundland &amp; Labrador",https://www.kijiji.ca/v-commercial-office-space/st-johns/1187-kenmount-road-unit-b2-st-johns-newfoundland-labrador/1738248182,"Kenmount Road Unit#B2, St John&apos;s, NL, A1L0V8",47.519946371913,-52.851818563813,$20,,"Located in a high-traffic commercial corridor, 1187 Kenmount Road offers approximately 1,500 sq. ft. of professional commercial space ideal for office, retail, or service-based businesses. This ..."
"187 Gower Street St. John&apos;s, Newfoundland &amp; Labrador",https://www.kijiji.ca/v-commercial-office-space/st-johns/187-gower-street-st-johns-newfoundland-labrador/1738247464,"Gower Street, St. John&apos;s, NL, A1C1R2",47.565069027438,-52.709065993861,$14,,"Welcome to Victoria Hall in St. John&apos;s, a distinguished historic building with immense potential. Currently utilized as offices, this architectural gem offers a unique opportunity for transformation ..."
Room -Excellent Location,https://www.kijiji.ca/v-room-rental-roommate/st-johns/room-excellent-location/1739719912,"Carbonear, NL A1Y 1A6",47.780251446078,-53.235243443975,$625,,"Call or text Room available for July and August! 1 room available immediately at 127 Moss Heather Drive, St. John’s. Room freshly painted! Fully furnished house! $625 per month, wifi, heat and water ..."
"Room Available in Carbonear, NL",https://www.kijiji.ca/v-room-rental-roommate/st-johns/room-available-in-carbonear-nl/1739669745,"Warehams Rd, Carbonear, A1Y 1A9",47.74165232095,-53.212767999253,$800,Pets Allowed: No,"Available September 1st. 2 rooms for single occupancy. Located in Carbonear, NL $800 a month includes: Wi-Fi, all utilities, laundry, shared kitchen, dining room, living room &amp; bathroom. Parking ..."
"240 Memorial Drive Clarenville, Newfoundland &amp; Labrador",https://www.kijiji.ca/v-commercial-office-space/st-johns/240-memorial-drive-clarenville-newfoundland-labrador/1736550270,"Memorial Drive, Clarenville, NL, A5A0E4",48.147012515993,-53.959105482306,$10,,"Flexible regional service space available in an established commercial plaza, ideal for training, health and wellness, professional office, public-sector, and service-based users. Formerly occupied ..."
2 bedroom suite,https://www.kijiji.ca/v-short-term-rental/st-johns/2-bedroom-suite/1739594029,"Newfoundland Dr, St. John&apos;s, NL A1A 4E3",47.598614540581,-52.714383299483,$160,Bathrooms: 1,"Two-Bedroom Suite with Living Room &amp; Kitchenette Enjoy a comfortable and private two-bedroom suite with a cozy living room, perfect for relaxing after a day of exploring or travelling. Located just 5 ..."
"246 Memorial Drive Unit#3 Clarenville, Newfoundland &amp; Labrador",https://www.kijiji.ca/v-commercial-office-space/st-johns/246-memorial-drive-unit-3-clarenville-newfoundland-labrador/1734971674,"Memorial Drive Unit#3, Clarenville, NL, A5A1N9",48.160484623239,-53.970276505673,$650,,Small retail space located in the Lower Mall which is part of the Clarenville Shopping Centre. High traffic area. Ideal for small business. Rent includes all common area expenses including heat and ...
"100 Logy Bay Road St. John&apos;s, Newfoundland &amp; Labrador",https://www.kijiji.ca/v-commercial-office-space/st-johns/100-logy-bay-road-st-johns-newfoundland-labrador/1721695719,"Logy Bay Road, St. John&apos;s, NL, A1A1J6",47.58879321841,-52.701462606305,$19,,Are you searching for a scenic and private location to establish your commercial office or retail space? Look no further. This property offers a tranquil setting ideal for businesses looking to ...
Room for rent,https://www.kijiji.ca/v-room-rental-roommate/st-johns/room-for-rent/1739535826,"Oxen Pond Road, St. John&apos;s, NL",47.566648995302,-52.762375023571,$950,Pets Allowed: No,"Looking for roommate to share large main flat of house near mun, avalon mall, hospitals. Rent $950 everything included. available July 1st includes. large master bedroom. contact 709 727 4636 if ..."
"85 Duckworth Street St. John&apos;s, Newfoundland &amp; Labrador",https://www.kijiji.ca/v-commercial-office-space/st-johns/85-duckworth-street-st-johns-newfoundland-labrador/1737983083,"Duckworth Street, St. John&apos;s, NL, A1C1E6",47.57030631383,-52.700802307399,$6000,,"FOR LEASE! Location, location, location! Fantastic opportunity for a wide range of retail businesses. Recently the space was occupied as a food and beer pub with outdoor beer garden. Ideally a new ..."
"279 Portugal Cove Road St John&apos;s, Newfoundland &amp; Labrador",https://www.kijiji.ca/v-commercial-office-space/st-johns/279-portugal-cove-road-st-johns-newfoundland-labrador/1739355867,"Portugal Cove Road, St John&apos;s, NL, A1B4C5",47.591820068917,-52.723596105734,$23,,"Commercial Lease opportunity Position your business in this highly visible commercial space located on busy Portugal Cove Rd in the East end. Offering approximately 1325sq.ft., this versatile unit is ..."
"90 O&apos;Leary Avenue Unit#207 St. John&apos;s, Newfoundland &amp; Labrador",https://www.kijiji.ca/v-commercial-office-space/st-johns/90-oleary-avenue-unit-207-st-johns-newfoundland-labrador/1739305164,"O&apos;Leary Avenue Unit#207, St. John&apos;s, NL, A1B2C7",47.560210436378,-52.763309689594,$13,,"Centrally and conveniently located at 90 O&apos;Leary Avenue on the corner of Pippy Place, this 975 square foot office space is located in a high-profile area of O&apos;Leary industrial park that provides ..."
Private room for rent,https://www.kijiji.ca/v-room-rental-roommate/st-johns/private-room-for-rent/1739284416,"38 MacLaren Pl, St. John&apos;s, A1B 5E1",47.56558000928,-52.770832028599,$625,,"A private bedroom is available in a well maintained 4-bedroom, 3.5-bathroom house, shared with students currently attending Memorial University (MUN) and the College of the North Atlantic (CoNA). The ..."
"1200 Topsail Road Mount Pearl, Newfoundland &amp; Labrador",https://www.kijiji.ca/v-commercial-office-space/st-johns/1200-topsail-road-mount-pearl-newfoundland-labrador/1737716729,"Topsail Road, Mount Pearl, NL, A1N5E8",47.530044422973,-52.829477496489,$3000,,"Position your business for success in the heart of Mount Pearl with this prime commercial property offering exceptional street exposure and easy accessibility for customers, clients, and deliveries ..."
Room for rent-flexible term; Female only,https://www.kijiji.ca/v-short-term-rental/st-johns/room-for-rent-flexible-term-female-only/1739239058,"St. John&apos;s, NL A1A 0V7",47.600998998434,-52.712458359409,$570,Bedrooms: 4 *** Bathrooms: 1 *** Pets Allowed: No,"Above-grade decent room for rent; You will share a house with female students. Currently, one room available, and looking for a female international student or working professional. Must be able to ..."
"ROOM FOR RENT-FURNISHED-INCL. HEAT, LIGHT AND INTERNET. NEAR MUN",https://www.kijiji.ca/v-room-rental-roommate/st-johns/room-for-rent-furnished-incl-heat-light-and-internet-near-mun/1739219634,"36 Bonaventure Avenue, St. John&apos;s, NL",47.569508020566,-52.71566301245,$750,Pets Allowed: No,"Fully Furnished, Heat, Light and Internet Included. (Heat Cap) Washer/Dryer/Dishwasher. Ample Parking. Close to MUN, Supermarkets and Downtown. One Person Only. No Smoking - No Pets. Please respond ..."
"644 Topsail Road Unit#8 St. John&apos;s, Newfoundland &amp; Labrador",https://www.kijiji.ca/v-commercial-office-space/st-johns/644-topsail-road-unit-8-st-johns-newfoundland-labrador/1739165415,"Topsail Road Unit#8, St. John&apos;s, NL, A1E2E2",47.524236565234,-52.775947336469,$19,,"Position your business in one of St. John&apos;s most established commercial corridors with this well-appointed 1,306 square foot commercial unit located at 644 Topsail Road. This versatile space offers ..."
"16 Stavanger Drive Unit#1 St. John&apos;s, Newfoundland &amp; Labrador",https://www.kijiji.ca/v-commercial-office-space/st-johns/16-stavanger-drive-unit-1-st-johns-newfoundland-labrador/1736012582,"Stavanger Drive Unit#1, St. John&apos;s, NL, A1A5E8",47.614564941085,-52.717705263159,$21,,"Don’t miss out on this exceptional leasing opportunity! A spacious 4,914 square foot unit will be available at 16 Stavanger Drive, located in the thriving East End of St. John’s. Key Features: •Prime ..."
short on br (queen bed)  apartment for rent.  August 16-30,https://www.kijiji.ca/v-short-term-rental/st-johns/short-on-br-queen-bed-apartment-for-rent-august-16-30/1739145495,"Quidi Vidi Lake Trail, St. John&apos;s, NL A1A",47.573679204613,-52.697584851812,$3000,Bathrooms: 1,"Fully furnished, complete with dishes, coffee pot, toaster, pots, pans, towels. Everything needed for self catering . Great location - close to downtown."
"30-44 Ropewalk Lane Unit#1 St. John&apos;s, Newfoundland &amp; Labrador",https://www.kijiji.ca/v-commercial-office-space/st-johns/30-44-ropewalk-lane-unit-1-st-johns-newfoundland-labrador/1733103261,"Ropewalk Lane Unit#1, St. John&apos;s, NL, A1E5T2",47.556154642979,-52.735210365027,$19,,"Unit 1 at 30–44 Ropewalk Lane offers approximately 3,600 square feet of versatile commercial space in a well-located and highly accessible area of St. John’s. This ground-level unit provides ..."
Room for rent,https://www.kijiji.ca/v-room-rental-roommate/st-johns/room-for-rent/1739055793,"Southside Rd, St. John&apos;s, A1E 1A1",47.550797495784,-52.714845452539,$900,,"Large bedroom for rent in a 2 bedroom house, walking distance to water street. One other person living there. Rent is $900, POU. unfurnished. One cat lives there, sorry no more pets. Message with ..."
"187 Kenmount Road Unit#104 St. John&apos;s, Newfoundland &amp; Labrador",https://www.kijiji.ca/v-commercial-office-space/st-johns/187-kenmount-road-unit-104-st-johns-newfoundland-labrador/1737502034,"Kenmount Road Unit#104, St. John&apos;s, NL, A1B3P9",47.542929759968,-52.788555311406,$16,,"Suite 104 at 187 Kenmount Road offers 3,326 sq. ft. of professional office space in a highly visible, well-positioned office building. Located on the first floor, the space benefits from excellent ..."
"185 Commonwealth Avenue Mount Pearl, Newfoundland &amp; Labrador",https://www.kijiji.ca/v-commercial-office-space/st-johns/185-commonwealth-avenue-mount-pearl-newfoundland-labrador/1733057189,"Commonwealth Avenue, Mount Pearl, NL, A1N4L3",47.507075424119,-52.793976156207,$1000,,"This space is well suited for warehouse and storage. The lease includes snow clearing, exterior maintenance, and common area costs. Located on the back of the main building and is inside the gated ..."
PENDING Private bedroom+Study Room+ Bonus Meals,https://www.kijiji.ca/v-room-rental-roommate/st-johns/pending-private-bedroom-study-room-bonus-meals/1738973588,"St. John&apos;s, NL A1B 4J2",47.556108500602,-52.752563335352,$850,Pets Allowed: No,"Available Sept 01-Apr 30, 2026. (Possible for 1 month extension.) Looking for a quiet, comfortable place to live and study? It&apos;s also close to MUN and the Avalon Mall, plus only steps away from a bus ..."
"210 Kenmount Road St. John&apos;s, Newfoundland &amp; Labrador",https://www.kijiji.ca/v-commercial-office-space/st-johns/210-kenmount-road-st-johns-newfoundland-labrador/1738961627,"Kenmount Road, St. John&apos;s, NL, A1B3R2",47.554087291812,-52.770232356832,$14000,,"Prime Commercial Leasing Opportunity. 120,000+ Vehicles Pass Daily - Maximum Exposure! Position your business in a high-visibility location with exceptional traffic flow and a versatile commercial ..."
"75 Tiffany Court St. John&apos;s, Newfoundland &amp; Labrador",https://www.kijiji.ca/v-commercial-office-space/st-johns/75-tiffany-court-st-johns-newfoundland-labrador/1725097792,"Tiffany Court, St. John&apos;s, NL, A1A0L1",47.588310976321,-52.713784963225,$25,,"Now available in the highly sought-after East End, this professional space offers approximately 3,530 sq. ft. of well-laid-out floor area, ideal for a wide range of business uses but ideal for ..."
"30-44 Ropewalk Lane Unit#13 St. John&apos;s, Newfoundland &amp; Labrador",https://www.kijiji.ca/v-commercial-office-space/st-johns/30-44-ropewalk-lane-unit-13-st-johns-newfoundland-labrador/1735800124,"Ropewalk Lane Unit#13, St. John&apos;s, NL, A1E5T2",47.556154642979,-52.735210365027,$19,,"Unit 1 at 30–44 Ropewalk Lane offers approximately 4,124 square feet of versatile commercial space in a well-located and highly accessible area of St. John’s. This ground-level unit provides ..."
"25 Verafin Way Unit#2 St. John&apos;s, Newfoundland &amp; Labrador",https://www.kijiji.ca/v-commercial-office-space/st-johns/25-verafin-way-unit-2-st-johns-newfoundland-labrador/1734354125,"Verafin Way Unit#2, St. John&apos;s, NL, A1A0L9",47.617666748174,-52.726771213453,$32,,"Unit 2 of a modern three-unit class-a commercial building is available for lease at 25 Verafin Way, located in the highly desirable east end of St. John’s. This newly constructed space offers a ..."
"35 Campbell Avenue St. John&apos;s, Newfoundland &amp; Labrador",https://www.kijiji.ca/v-commercial-office-space/st-johns/35-campbell-avenue-st-johns-newfoundland-labrador/1731572000,"Campbell Avenue, St. John&apos;s, NL, A1E2Z3",47.554541819579,-52.726005130926,$14,,Retail and Office building for lease . 4667sqft space. Previously occupied by Doctors . There is one additional floor of office space (equivalent square footage of 4667sqft each) which is currently ...
bedsitting room ,https://www.kijiji.ca/v-room-rental-roommate/st-johns/bedsitting-room/1738951396,"31 Goodview St, St. John&apos;s, NL A1C 4G2",47.562671991793,-52.713788986538,$700,,Fully furnished bedsitting room for rent Heat included Centre city 7097309933
159A University Ave - 4 rooms for rent immediately,https://www.kijiji.ca/v-room-rental-roommate/st-johns/159a-university-ave-4-rooms-for-rent-immediately/1738932032,"St. John&apos;s, NL A1B 1Z6",47.566407135486,-52.742219983014,$575,Pets Allowed: No,Above ground entry basement apartment 5 min walk to MUN and HSC bus route in front of house off street parking available 4 bedroom apartment
"40 Airport Heights Drive St. John&apos;s, Newfoundland &amp; Labrador",https://www.kijiji.ca/v-commercial-office-space/st-johns/40-airport-heights-drive-st-johns-newfoundland-labrador/1731520593,"Airport Heights Drive, St. John&apos;s, NL, A1A4Z7",47.602706313899,-52.744104318398,$20,,"Prime main-floor commercial space in a sought-after area. Turnkey, fully updated medical/office suite (approx. 2,180 sq ft) featuring multiple exam/treatment rooms, private offices, spacious ..."
"95 Lemarchant Road Unit#101 St. John&apos;s, Newfoundland &amp; Labrador",https://www.kijiji.ca/v-commercial-office-space/st-johns/95-lemarchant-road-unit-101-st-johns-newfoundland-labrador/1737347779,"Lemarchant Road Unit#101, St. John&apos;s, NL, A1B2B7",47.566899446569,-52.750099139637,$5000,,"For lease! Approximately 3500 square feet of bright, spacious office space, conveniently located on Lemarchant Road in a secured building with off street parking and only minutes from downtown! ..."
"22 Vardy&apos;s Avenue Clarenville, Newfoundland &amp; Labrador",https://www.kijiji.ca/v-commercial-office-space/st-johns/22-vardys-avenue-clarenville-newfoundland-labrador/1731471463,"Vardy&apos;s Avenue, Clarenville, NL, A5A1Z9",48.158212572291,-53.966181186839,$1100,,"Prime office/retail space available in high traffic location. The current configuration of the 800 sq/ft space includes a boardroom, 2 offices and a bathroom. This would make an ideal location for ..."
Room for Rent,https://www.kijiji.ca/v-room-rental-roommate/st-johns/room-for-rent/1738850003,"Whiteway St, St. John&apos;s, NL A1B",47.569004984536,-52.73043187305,$750,Pets Allowed: No,Available- July 10 or 15th. Private room in a 5 bed 2 bath house. Ideal for a male student or young professional as other tenants are also students. Walking distance to MUN and bus stop. Spacious ...
"64 Airport Road St.John&apos;s, Newfoundland &amp; Labrador",https://www.kijiji.ca/v-commercial-office-space/st-johns/64-airport-road-st-johns-newfoundland-labrador/1738813633,"Airport Road, St.John&apos;s, NL, A1A4Y3",47.606259889418,-52.741805929905,$12,,"1740 sqft of commercial warehouse space available in the east end with a ground-level garage door for easy loading and access. Heated space suitable for storage, trades, or service-based businesses. ..."
"320 Torbay Road Unit#202 St. John&apos;s, Newfoundland &amp; Labrador",https://www.kijiji.ca/v-commercial-office-space/st-johns/320-torbay-road-unit-202-st-johns-newfoundland-labrador/1714915881,"Torbay Road Unit#202, St. John&apos;s, NL, A1A4E1",47.603361605482,-52.714929595923,$19,,"Don’t miss your chance to secure this exceptional 1,380 sq ft retail space with prime store frontage in the bustling Fall River Plaza, located in the highly desirable East End of St. John’s. Situated ..."
"320 Torbay Road Unit#200 St. John&apos;s, Newfoundland &amp; Labrador",https://www.kijiji.ca/v-commercial-office-space/st-johns/320-torbay-road-unit-200-st-johns-newfoundland-labrador/1714915882,"Torbay Road Unit#200, St. John&apos;s, NL, A1A4E1",47.603361605482,-52.714929595923,$800,,"Don’t miss out on this opportunity of 265 Square foot of office space located in the Fall River Plaza, East End of St. John’s! This location is in the heart of the busy, sought-after Torbay Road ..."
"75 Tiffany Court Unit#1 St. John&apos;s, Newfoundland &amp; Labrador",https://www.kijiji.ca/v-commercial-office-space/st-johns/75-tiffany-court-unit-1-st-johns-newfoundland-labrador/1735599408,"Tiffany Court Unit#1, St. John&apos;s, NL, A1A0L1",47.588952317642,-52.712981976901,$25,,"Now available in the highly sought-after East End, this professional space offers approximately 4,390 sq. ft. of well-laid-out floor area, ideal for a wide range of business uses. Situated in a prime ..."
"75 Tiffany Court Unit#2 St. John&apos;s, Newfoundland &amp; Labrador",https://www.kijiji.ca/v-commercial-office-space/st-johns/75-tiffany-court-unit-2-st-johns-newfoundland-labrador/1735599407,"Tiffany Court Unit#2, St. John&apos;s, NL, A1A0L1",47.588952317642,-52.712981976901,$25,,"Now available in the highly sought-after East End, this professional space offers approximately 968 sq. ft. of well-laid-out floor area, ideal for a wide range of business uses. Situated in a prime ..."
"283 Memorial Drive Clarenville, Newfoundland &amp; Labrador",https://www.kijiji.ca/v-commercial-office-space/st-johns/283-memorial-drive-clarenville-newfoundland-labrador/1718817451,"Memorial Drive, Clarenville, NL, A5A0E4",48.147012515993,-53.959105482306,$10,,Great location for your business. There is 2000 square feet remaining for rent on right side of building facing Memorial Drive. 200amp Electrical on breakers. Great for any type of business. Renos ...
"370 Torbay Road St. John&apos;s, Newfoundland &amp; Labrador",https://www.kijiji.ca/v-commercial-office-space/st-johns/370-torbay-road-st-johns-newfoundland-labrador/1731379180,"Torbay Road, St. John&apos;s, NL, A1A3W8",47.613593981421,-52.722705990413,$17,,Discover an exceptional opportunity to lease office space in Bally Rou Place - located at 370 Torbay Rd in the thriving East End! This building has excellent visibility and easy access to both uptown ...
"120 Torbay Road St. John&apos;s, Newfoundland &amp; Labrador",https://www.kijiji.ca/v-commercial-office-space/st-johns/120-torbay-road-st-johns-newfoundland-labrador/1731379181,"Torbay Road, St. John&apos;s, NL, A1B2G8",47.591702336255,-52.725511497224,$18,,"Discover an exceptional opportunity to lease office space in the Prince Charles Building - located at 120 Torbay Rd in the thriving East End! Only one office suite remaining at 2,908sqft! This ..."
"90 O&apos;Leary Avenue Unit#207 St. John&apos;s, Newfoundland &amp; Labrador",https://www.kijiji.ca/v-commercial-office-space/st-johns/90-oleary-avenue-unit-207-st-johns-newfoundland-labrador/1722540010,"O&apos;Leary Avenue Unit#207, St. John&apos;s, NL, A1B2C7",47.560210436378,-52.763309689594,$13,,"Centrally and conveniently located at 90 O&apos;Leary Avenue on the corner of Pippy Place, this 975 square foot office space is located in a high-profile area of O&apos;Leary industrial park that provides ..."
Apartment for rent short-term,https://www.kijiji.ca/v-short-term-rental/st-johns/apartment-for-rent-short-term/1738714000,"St. John&apos;s, NL, A1C",47.511244685,-52.662499849,$200,Bedrooms: 2 *** Bathrooms: 1,"Beautiful Apartment for Short-Term Rent – Airport Heights, St. John’s ✈️ Enjoy a comfortable and fully furnished apartment in the desirable Airport Heights area. Perfect for visitors, business ..."
"124 Glencoe Drive Mount Pearl, Newfoundland &amp; Labrador",https://www.kijiji.ca/v-commercial-office-space/st-johns/124-glencoe-drive-mount-pearl-newfoundland-labrador/1738709713,"Glencoe Drive, Mount Pearl, NL, A1N4S9",47.512806375629,-52.84891662081,$17,,"Modern Warehouse for Lease – Donovans Industrial Park This modern industrial warehouse offers 32-foot ceilings, making it ideal for businesses requiring high-volume storage. Located in Donovans ..."
"1-23 Church Road Long Harbour, Newfoundland &amp; Labrador",https://www.kijiji.ca/v-commercial-office-space/st-johns/1-23-church-road-long-harbour-newfoundland-labrador/1738704429,"Church Road, Long Harbour, NL, A0B2J0",47.415944471683,-53.729517317251,$12,,"16,400 Square Foot building currently being used for dry warehouse storage. The building consists of several different sections but could easily be sub divided to accommodate smaller or larger spaces ..."
private room for rent ,https://www.kijiji.ca/v-short-term-rental/st-johns/private-room-for-rent/1738661108,"Crosbie Rd, St. John&apos;s, NL A1B 3V9",47.558633185822,-52.742457152128,$500,Bedrooms: 3 *** Bathrooms: 1,3 Bedroom 1 Bathroom Furnished Apartment. Single bed room available for month to month rent. Available from 10th June to September 30th ✨ furnished room Key Features and Amenities: 1. Bus Stop just ...
Second floor East End prime location office / retail space,https://www.kijiji.ca/v-commercial-office-space/st-johns/second-floor-east-end-prime-location-office-retail-space/1738566396,"St. John&apos;s, NL A1A 5B2",47.610621483,-52.725586414,$1100,Size (sq ft): 500,"Prime East End high-visibility space, located on second floor. Most recently a tattoo studio, this approx. 500 sq. ft. has new flooring and has been recently painted throughout. Suitable for some ..."
"One furnished bedroom available by June 1, 2026",https://www.kijiji.ca/v-room-rental-roommate/st-johns/one-furnished-bedroom-available-by-june-1-2026/1733925645,"St. John&apos;s, NL A1E 2B4",47.538672884711,-52.738267161296,$600,Pets Allowed: No,"Beautiful and quiet One fully furnished bedroom available to move in by June 1, 2026. $600/month included utilities and internet. Suitable for international full time student or full time working ..."
1 BR Available Sept 2026 in 2-BR Basement Apt,https://www.kijiji.ca/v-room-rental-roommate/st-johns/1-br-available-sept-2026-in-2-br-basement-apt/1735189921,"St. John&apos;s, NL A1B 2W4",47.576651749004,-52.724189922551,$880,Pets Allowed: No,"(Utilities + Internet included) A bright and comfortable 1 bedroom is available September 1st in a semi-furnished 2 bedroom basement apartment located on a quiet cul de sac next to Churchill Park, an ..."
Room for rent near Avalon Mall - $550,https://www.kijiji.ca/v-room-rental-roommate/st-johns/room-for-rent-near-avalon-mall-550/1737917536,"St. John&apos;s, NL A1B 4R9",47.56197017504,-52.760637455043,$550,Pets Allowed: No,Room for rent close to Avalon Mall - Available May 20th - Located on the main Floor of a 4 bedrooms 2.5 bathrooms 2 stories house. in a clean and well maintained house. There are other tenants in the ...
High Traffic Commercial Space,https://www.kijiji.ca/v-commercial-office-space/st-johns/high-traffic-commercial-space/1737909613,"210 Kenmount Rd, St. John&apos;s, NL A1B 3R2",47.553910011218,-52.772224011259,$14000,,"PRIME COMMERCIAL LEASING OPPORTUNITY 120,000+ Vehicles Pass Daily – Maximum Exposure! Position your business in a high-visibility location with exceptional traffic flow and a versatile commercial ..."
Furnished 3 bedroom apartment/single rooms avaliable + 2 Bthrms,https://www.kijiji.ca/v-room-rental-roommate/st-johns/furnished-3-bedroom-apartment-single-rooms-avaliable-2-bthrms/1737852862,"St. John&apos;s, NL A1B 0A5",47.548932459927,-52.79288163073,$700,Pets Allowed: No,Furnished 3 bedroom in main floor home with 2 bathrooms for rent in Kenmount Terrace. POU. Located on Great Eastern Avenue. Available July 1st! 1 min walk to bus stop 20mins walk to grocery store ...
Office Space ideal for health care practitioners &amp; professionals,https://www.kijiji.ca/v-commercial-office-space/st-johns/office-space-ideal-for-health-care-practitioners-professionals/1737827641,"Mount Pearl, NL A1N 1W1",47.518034962713,-52.804669687899,$650,,"High visibility office space is available in this high visibility and convenient central location in Mt. Pearl. The offices are clean, bright, with hard wood floors, individual control for a ..."
room for rent ,https://www.kijiji.ca/v-room-rental-roommate/st-johns/room-for-rent/1737415212,"85 Viking Rd, St. John&apos;s, NL A1B 1J3",47.557801980319,-52.751820028178,$850,,"The upstairs was fully renovated which has 5 bedrooms sharing 2 bathrooms. Currently, 3 female tenants live there. They are all very nice. Rent is $850 per room including water, electricity, heating, ..."
Private room for rent ,https://www.kijiji.ca/v-room-rental-roommate/st-johns/private-room-for-rent/1737287397,"Balsam St, St. John&apos;s, NL A1C",47.563722579632,-52.710923150312,$675,Pets Allowed: No,One unfurnished bedroom is available for rent immediately. We are seeking mature and responsible tenants. Utilities are not included in the monthly rent and will be shared among tenants. The house is ...
ROOM FOR FEMALE,https://www.kijiji.ca/v-room-rental-roommate/st-johns/room-for-female/1724880854,"St. John&apos;s, NL A1A",47.610621483,-52.725586414,$499,,"Rent covers heat, light, internet. • Full size washer and dryer in spacious laundry room• Large kitchen two refrigerators• Bus stop next to house• Near &amp; walking distance to Torbay Mall, Sobeys ..."
Room for rent,https://www.kijiji.ca/v-room-rental-roommate/st-johns/room-for-rent/1737254658,"19 Gambier St, St. John&apos;s, NL A1B 3G2",47.5648970099,-52.740878962325,$750,Pets Allowed: No,"A room is available in the heart of St Johns near to MUN, hospital,mall grocery shops,market on main bus route. Please contact on Vipul.Thakur.eng@gmail.com.$ 750 for single occupant and if you need ..."
